from_id,AI,X,Y,CAL
"100330",923.831655083611,524945,184352,1
"100331",831.436805881857,525045,184352,1
"100332",923.155564877115,525145,184352,1
"100333",949.328936729638,525245,184352,1
"100334",1208.44522778597,525345,184352,2
"100335",1234.16796183293,525445,184352,2
"100336",1229.69080228297,525545,184352,2
"100337",1144.47971729746,525645,184352,2
"100338",1126.07131232911,525745,184352,2
"100339",1043.64126352058,525845,184352,2
"100340",1148.29355172949,525945,184352,2
"100341",989.186188877438,526045,184352,2
"100342",1069.47271614113,526145,184352,2
"100343",1048.94249151367,526245,184352,2
"100344",995.453931852187,526345,184352,2
"100345",1228.04734989903,526445,184352,2
"100346",1169.96146002184,526545,184352,2
"100347",2485.49167232339,526645,184352,4
"100348",1658.4931392792,526745,184352,3
"100349",1624.88340306726,526845,184352,3
"100350",1201.35918443639,526945,184352,2
"100351",1219.88460233395,527045,184352,2
"100352",1037.04311827595,527145,184352,2
"100353",1443.5670230725,527245,184352,2
"100354",1532.13767104548,527345,184352,2
"100355",1486.26736266898,527445,184352,2
"100356",1449.38819951784,527545,184352,2
"100357",1154.19218400185,527645,184352,2
"100358",1544.15432820473,527745,184352,3
"100359",1141.0875510407,527845,184352,2
"100360",1648.41687948968,527945,184352,3
"100361",1763.24454124894,528045,184352,3
"100362",1669.55583879873,528145,184352,3
"100363",1709.90064707543,528245,184352,3
"100364",1741.34181411687,528345,184352,3
"100365",1556.62881917313,528445,184352,3
"100366",1026.61352533505,528545,184352,2
"100367",1147.43815458816,528645,184352,2
"100368",1123.0550215722,528745,184352,2
"100369",1422.19106420112,528845,184352,2
"100370",1413.76311146785,528945,184352,2
"100371",1180.75313493974,529045,184352,2
"100372",1096.41368033037,529145,184352,2
"100373",1113.560477683,529245,184352,2
"100374",1109.33936977514,529345,184352,2
"100375",1430.74890828097,529445,184352,2
"100376",1435.7557399439,529545,184352,2
"100377",1310.93979990684,529645,184352,2
"100378",1261.09017425235,529745,184352,2
"100379",1540.97129736804,529845,184352,2
"100380",1677.81871659265,529945,184352,3
"100381",1569.98700742983,530045,184352,3
"100874",986.325858116334,524845,184452,2
"100875",911.936842623742,524945,184452,1
"100876",816.656191208537,525045,184452,1
"100877",917.299883748762,525145,184452,1
"100878",1178.01149500262,525245,184452,2
"100879",1189.83182177774,525345,184452,2
"100880",1329.65891475777,525445,184452,2
"100881",1337.92219230045,525545,184452,2
"100882",1213.81856624863,525645,184452,2
"100883",1189.68321238052,525745,184452,2
"100884",1066.96474862818,525845,184452,2
"100885",1236.73266836213,525945,184452,2
"100886",1398.70687779758,526045,184452,2
"100887",1122.09103146615,526145,184452,2
"100888",1284.06536635588,526245,184452,2
"100889",1272.76635555833,526345,184452,2
"100890",1549.49387484925,526445,184452,3
"100891",2245.40680314809,526545,184452,4
"100892",1698.37610015383,526645,184452,3
"100893",1555.35236972241,526745,184452,3
"100894",1295.51088905124,526845,184452,2
"100895",1321.20034276713,526945,184452,2
"100896",1201.0987368447,527045,184452,2
"100897",924.048406784175,527145,184452,1
"100898",933.704198304832,527245,184452,1
"100899",1072.0990306491,527345,184452,2
"100900",1657.59988740295,527445,184452,3
"100901",1527.14596596581,527545,184452,2
"100902",1153.0283532313,527645,184452,2
"100903",974.461314608707,527745,184452,1
"100904",1092.01181744409,527845,184452,2
"100905",1153.27320372106,527945,184452,2
"100906",1763.57963069238,528045,184452,3
"100907",2168.15920308101,528145,184452,4
"100908",1700.63747382553,528245,184452,3
"100909",1184.2943509863,528345,184452,2
"100910",1695.72410512831,528445,184452,3
"100911",1216.93672862406,528545,184452,2
"100912",1091.44817226632,528645,184452,2
"100913",1145.49718125437,528745,184452,2
"100914",1154.15589896358,528845,184452,2
"100915",1261.72756613342,528945,184452,2
"100916",1178.78509231471,529045,184452,2
"100917",1104.72351143931,529145,184452,2
"100918",1117.9889999254,529245,184452,2
"100919",1147.74356605808,529345,184452,2
"100920",1442.07068445593,529445,184452,2
"100921",1459.94241660319,529545,184452,2
"100922",1205.07314960661,529645,184452,2
"100923",1274.00534915717,529745,184452,2
"100924",1276.82059235439,529845,184452,2
"100925",1596.73587445326,529945,184452,3
"101417",1433.15335207519,524745,184552,2
"101418",965.706633788175,524845,184552,1
"101419",915.89883688078,524945,184552,1
"101420",921.3661386785,525045,184552,1
"101421",1175.43608704791,525145,184552,2
"101422",1168.43283964602,525245,184552,2
"101423",1324.75510098577,525345,184552,2
"101424",1881.05990094723,525445,184552,3
"101425",2081.10705538398,525545,184552,3
"101426",1446.24217926709,525645,184552,2
"101427",1434.45686391806,525745,184552,2
"101428",1330.02624534125,525845,184552,2
"101429",1251.66027439891,525945,184552,2
"101430",1303.90353219901,526045,184552,2
"101431",1343.99861919027,526145,184552,2
"101432",1403.19634556864,526245,184552,2
"101433",1536.56431938624,526345,184552,2
"101434",1719.89227470792,526445,184552,3
"101435",1255.79728279589,526545,184552,2
"101436",1253.83829959059,526645,184552,2
"101437",1298.62533789418,526745,184552,2
"101438",1228.11112941655,526845,184552,2
"101439",963.682561756092,526945,184552,1
"101440",892.370043574227,527045,184552,1
"101441",844.522051017623,527145,184552,1
"101442",857.147326151191,527245,184552,1
"101443",966.726459780529,527345,184552,1
"101444",1248.09475725415,527445,184552,2
"101445",1625.3926419269,527545,184552,3
"101446",1077.36157300224,527645,184552,2
"101447",1289.904021674,527745,184552,2
"101448",1207.902594584,527845,184552,2
"101449",1214.04444191173,527945,184552,2
"101450",1665.39240638822,528045,184552,3
"101451",1209.13939533326,528145,184552,2
"101452",1826.82377428689,528245,184552,3
"101453",1398.4312513259,528345,184552,2
"101454",1700.7160849556,528445,184552,3
"101455",1245.39969061035,528545,184552,2
"101456",1036.01694636334,528645,184552,2
"101457",1054.54336835809,528745,184552,2
"101458",1157.79612987514,528845,184552,2
"101459",1371.5090575997,528945,184552,2
"101460",872.665520108085,529045,184552,1
"101461",1397.56230991927,529145,184552,2
"101462",1408.92131394852,529245,184552,2
"101463",1418.33624119378,529345,184552,2
"101464",1440.03938117994,529445,184552,2
"101465",1474.9670361867,529545,184552,2
"101466",1089.93875322944,529645,184552,2
"101467",1259.99674765233,529745,184552,2
"101468",1267.79473005041,529845,184552,2
"101469",1052.99549439387,529945,184552,2
"101959",1376.76930097841,524745,184652,2
"101960",1345.18004799791,524845,184652,2
"101961",901.972989816847,524945,184652,1
"101962",913.366823121513,525045,184652,1
"101963",897.270157885316,525145,184652,1
"101964",900.830331352845,525245,184652,1
"101965",1194.2500083315,525345,184652,2
"101966",1782.0337759485,525445,184652,3
"101967",2804.34420291296,525545,184652,5
"101968",1796.41126088936,525645,184652,3
"101969",1326.71747851641,525745,184652,2
"101970",997.768839002665,525845,184652,2
"101971",1259.69595319046,525945,184652,2
"101972",1195.29935055689,526045,184652,2
"101973",1378.32263883358,526145,184652,2
"101974",2140.7747486444,526245,184652,4
"101975",1743.31293946561,526345,184652,3
"101976",1272.73002834709,526445,184652,2
"101977",1259.48669238165,526545,184652,2
"101978",1016.85603025886,526645,184652,2
"101979",891.440522037576,526745,184652,1
"101980",977.300334138501,526845,184652,1
"101981",911.200837241313,526945,184652,1
"101982",833.578035543603,527045,184652,1
"101983",852.005934829525,527145,184652,1
"101984",929.847410538675,527245,184652,1
"101985",937.382822739367,527345,184652,1
"101986",1220.03021488545,527445,184652,2
"101987",1312.76384782951,527545,184652,2
"101988",1354.70494961612,527645,184652,2
"101989",1112.54779356925,527745,184652,2
"101990",1404.40860807248,527845,184652,2
"101991",1367.73725069698,527945,184652,2
"101992",1210.36804168958,528045,184652,2
"101993",1314.71364474901,528145,184652,2
"101994",1342.97424233949,528245,184652,2
"101995",1861.02997597415,528345,184652,3
"101996",1416.06437913891,528445,184652,2
"101997",1288.05262799878,528545,184652,2
"101998",1343.23786630362,528645,184652,2
"101999",1088.87528669357,528745,184652,2
"102000",1377.49658128754,528845,184652,2
"102001",2611.06685615068,528945,184652,4
"102002",1350.26504726712,529045,184652,2
"102003",1182.11885848388,529145,184652,2
"102004",931.731062976463,529245,184652,1
"102005",879.668487989479,529345,184652,1
"102006",1770.50094445213,529445,184652,3
"102007",1870.5662002198,529545,184652,3
"102008",1829.96217272686,529645,184652,3
"102009",1039.26654657116,529745,184652,2
"102010",1052.82704821264,529845,184652,2
"102011",1129.73197655716,529945,184652,2
"102502",1702.58037379364,524645,184752,3
"102503",1375.02178350685,524745,184752,2
"102504",1309.50631498696,524845,184752,2
"102505",857.514536927453,524945,184752,1
"102506",871.29414291222,525045,184752,1
"102507",900.536710576897,525145,184752,1
"102508",1158.77862282996,525245,184752,2
"102509",1321.07797215472,525345,184752,2
"102510",1383.48828668444,525445,184752,2
"102511",1851.56629037869,525545,184752,3
"102512",1341.58460583009,525645,184752,2
"102513",966.798029357878,525745,184752,1
"102514",1143.68565301321,525845,184752,2
"102515",1235.27527930313,525945,184752,2
"102516",1113.69858511166,526045,184752,2
"102517",1096.10131806237,526145,184752,2
"102518",976.960684834335,526245,184752,1
"102519",1470.67434109476,526345,184752,2
"102520",1197.01745430443,526445,184752,2
"102521",1060.55455677279,526545,184752,2
"102522",1011.13587017766,526645,184752,2
"102523",872.593083382059,526745,184752,1
"102524",904.451783636507,526845,184752,1
"102525",821.330546951346,526945,184752,1
"102526",826.934405896914,527045,184752,1
"102527",1112.49472368333,527145,184752,2
"102528",1117.31494357085,527245,184752,2
"102529",1150.25277397157,527345,184752,2
"102530",1357.76209136235,527445,184752,2
"102531",1767.65262800853,527545,184752,3
"102532",2496.61836289652,527645,184752,4
"102533",1637.3603832699,527745,184752,3
"102534",909.842903337391,527845,184752,1
"102535",1110.83709071374,527945,184752,2
"102536",1059.08680677608,528045,184752,2
"102537",1142.00400256508,528145,184752,2
"102538",1163.53050405818,528245,184752,2
"102539",1381.0476038987,528345,184752,2
"102540",1209.00903236533,528445,184752,2
"102541",1196.96062771233,528545,184752,2
"102542",949.898140171531,528645,184752,1
"102543",1043.44426164907,528745,184752,2
"102544",1179.45660340379,528845,184752,2
"102545",1585.70029310306,528945,184752,3
"102546",1178.08742817721,529045,184752,2
"102547",1095.74534909152,529145,184752,2
"102548",1004.39121507958,529245,184752,2
"102549",976.414609575192,529345,184752,1
"102550",1560.64008344007,529445,184752,3
"102551",1784.51033389918,529545,184752,3
"102552",2420.94708491426,529645,184752,4
"102553",1076.94844263299,529745,184752,2
"102554",1134.03542132022,529845,184752,2
"102555",1224.00310545567,529945,184752,2
"103046",1428.08684415555,524545,184852,2
"103047",1362.52142010957,524645,184852,2
"103048",1342.43935981648,524745,184852,2
"103049",864.327307816793,524845,184852,1
"103050",845.705397843317,524945,184852,1
"103051",848.152022382121,525045,184852,1
"103052",780.621127067133,525145,184852,1
"103053",1226.32066866406,525245,184852,2
"103054",1324.36471000389,525345,184852,2
"103055",1527.11450485992,525445,184852,2
"103056",1507.10625630891,525545,184852,2
"103057",1476.94291645046,525645,184852,2
"103058",1219.14209324738,525745,184852,2
"103059",1131.43373292735,525845,184852,2
"103060",863.929371606696,525945,184852,1
"103061",1127.61061749217,526045,184852,2
"103062",1082.4517818041,526145,184852,2
"103063",1656.58451515821,526245,184852,3
"103064",1210.07039851505,526345,184852,2
"103065",953.557454764448,526445,184852,1
"103066",1039.36074038661,526545,184852,2
"103067",794.760821976995,526645,184852,1
"103068",850.163502489431,526745,184852,1
"103069",944.349748761659,526845,184852,1
"103070",925.146975517321,526945,184852,1
"103071",904.617977464243,527045,184852,1
"103072",1438.08186973166,527145,184852,2
"103073",1364.89733240173,527245,184852,2
"103074",1406.52472258626,527345,184852,2
"103075",1380.95466546167,527445,184852,2
"103076",2107.1407393301,527545,184852,4
"103077",1708.07327393314,527645,184852,3
"103078",1334.81093298646,527745,184852,2
"103079",833.011636624539,527845,184852,1
"103080",964.691933833449,527945,184852,1
"103081",1077.01339545343,528045,184852,2
"103082",1050.87517001966,528145,184852,2
"103083",1157.25342736529,528245,184852,2
"103084",1166.17715365089,528345,184852,2
"103085",1173.92633153139,528445,184852,2
"103086",1044.56614566961,528545,184852,2
"103087",915.774294597635,528645,184852,1
"103088",1007.72055170541,528745,184852,2
"103089",1083.87790252324,528845,184852,2
"103090",1487.48092823709,528945,184852,2
"103091",1499.65546029027,529045,184852,2
"103092",1335.79404069069,529145,184852,2
"103093",1068.24125493022,529245,184852,2
"103094",1072.49335280237,529345,184852,2
"103095",979.723530702104,529445,184852,1
"103096",945.957563848948,529545,184852,1
"103097",2396.2455117041,529645,184852,4
"103098",2567.01605208517,529745,184852,4
"103099",1236.00400713085,529845,184852,2
"103100",1302.85518478502,529945,184852,2
"103595",984.543313305257,524445,184952,2
"103596",970.427345732622,524545,184952,1
"103597",935.712121391323,524645,184952,1
"103598",866.36773788293,524745,184952,1
"103599",864.239795899805,524845,184952,1
"103600",747.187386311391,524945,184952,1
"103601",781.683750617165,525045,184952,1
"103602",798.343873393154,525145,184952,1
"103603",853.423879717952,525245,184952,1
"103604",1288.94213985691,525345,184952,2
"103605",1392.7393065972,525445,184952,2
"103606",1396.62958136019,525545,184952,2
"103607",1389.01897817224,525645,184952,2
"103608",1169.76572655016,525745,184952,2
"103609",945.296889416579,525845,184952,1
"103610",963.943199205552,525945,184952,1
"103611",868.95276162637,526045,184952,1
"103612",1080.4238684132,526145,184952,2
"103613",1159.05601413938,526245,184952,2
"103614",1055.21903515416,526345,184952,2
"103615",925.339120627785,526445,184952,1
"103616",1161.0016793342,526545,184952,2
"103617",822.370121456685,526645,184952,1
"103618",754.590439426066,526745,184952,1
"103619",907.308576691991,526845,184952,1
"103620",1004.44880069437,526945,184952,2
"103621",1223.04370318768,527045,184952,2
"103622",1474.6474972244,527145,184952,2
"103623",1506.81739019224,527245,184952,2
"103624",1496.28865923911,527345,184952,2
"103625",1589.00219657146,527445,184952,3
"103626",2079.73232796676,527545,184952,3
"103627",925.012449883491,527645,184952,1
"103628",909.912135336018,527745,184952,1
"103629",911.854527616913,527845,184952,1
"103630",936.757603473349,527945,184952,1
"103631",1174.08631664377,528045,184952,2
"103632",1103.12367104969,528145,184952,2
"103633",1160.87651229656,528245,184952,2
"103634",1058.51105614421,528345,184952,2
"103635",1048.00882207294,528445,184952,2
"103636",965.500384561144,528545,184952,1
"103637",1018.58041827201,528645,184952,2
"103638",1054.40910289809,528745,184952,2
"103639",1263.85223895497,528845,184952,2
"103640",1524.75823698251,528945,184952,2
"103641",1886.2768932865,529045,184952,3
"103642",1360.02937091902,529145,184952,2
"103643",1319.34513564968,529245,184952,2
"103644",1064.84312881838,529345,184952,2
"103645",907.019375222043,529445,184952,1
"103646",896.296651875696,529545,184952,1
"103647",1711.48862575366,529645,184952,3
"103648",1086.11226744086,529745,184952,2
"103649",1412.33655534021,529845,184952,2
"104152",979.725063225916,524445,185052,1
"104153",852.425384805662,524545,185052,1
"104154",842.416608271289,524645,185052,1
"104155",793.656166097642,524745,185052,1
"104156",1247.01315991515,524845,185052,2
"104157",1274.95021857664,524945,185052,2
"104158",816.080715972618,525045,185052,1
"104159",833.884495733291,525145,185052,1
"104160",855.658887629568,525245,185052,1
"104161",1310.90857280279,525345,185052,2
"104162",1384.26681130223,525445,185052,2
"104163",1393.43790402632,525545,185052,2
"104164",1351.83064445589,525645,185052,2
"104165",1342.9988117537,525745,185052,2
"104166",863.949441175624,525845,185052,1
"104167",886.64150558231,525945,185052,1
"104168",958.586251361078,526045,185052,1
"104169",895.83975941448,526145,185052,1
"104170",907.733250524882,526245,185052,1
"104171",1020.21302796781,526345,185052,2
"104172",930.512860492187,526445,185052,1
"104173",979.593185846306,526545,185052,1
"104174",973.107705043651,526645,185052,1
"104175",991.167228318686,526745,185052,2
"104176",875.125904820639,526845,185052,1
"104177",1063.60806277933,526945,185052,2
"104178",1250.82494702818,527045,185052,2
"104179",1496.15306751888,527145,185052,2
"104180",1565.5598611382,527245,185052,3
"104181",2354.70553920993,527345,185052,4
"104182",1686.59340997139,527445,185052,3
"104183",1467.9920538936,527545,185052,2
"104184",1177.48800708118,527645,185052,2
"104185",1020.01132160156,527745,185052,2
"104186",940.647846259374,527845,185052,1
"104187",917.288634795382,527945,185052,1
"104188",1508.80669721289,528045,185052,2
"104189",1674.59282582096,528145,185052,3
"104190",1495.8323469758,528245,185052,2
"104191",1203.50179698148,528345,185052,2
"104192",913.234904003464,528445,185052,1
"104193",915.864173504248,528545,185052,1
"104194",997.225164249907,528645,185052,2
"104195",1256.73072512822,528745,185052,2
"104196",1363.23436285558,528845,185052,2
"104197",1789.45156124454,528945,185052,3
"104198",1855.05644275978,529045,185052,3
"104199",1781.80633956191,529145,185052,3
"104200",1321.05975780891,529245,185052,2
"104201",1251.51190701512,529345,185052,2
"104202",1223.43437605438,529445,185052,2
"104203",860.706438147223,529545,185052,1
"104204",983.705811474946,529645,185052,2
"104205",1233.54853752939,529745,185052,2
"104713",1290.66293136306,524345,185152,2
"104714",873.936233738449,524445,185152,1
"104715",842.186424793549,524545,185152,1
"104716",1008.9021731472,524645,185152,2
"104717",3785.879259814,524745,185152,6
"104718",2766.14002719849,524845,185152,5
"104719",2792.75576433493,524945,185152,5
"104720",1064.72952811324,525045,185152,2
"104721",2079.9665942839,525145,185152,3
"104722",1729.8677468345,525245,185152,3
"104723",1510.04471851568,525345,185152,2
"104724",1703.2428008923,525445,185152,3
"104725",1390.24964919076,525545,185152,2
"104726",1376.73713000103,525645,185152,2
"104727",1164.40104048066,525745,185152,2
"104728",1059.96657820775,525845,185152,2
"104729",994.799472378288,525945,185152,2
"104730",890.413275586052,526045,185152,1
"104731",792.936508375271,526145,185152,1
"104732",859.14100770105,526245,185152,1
"104733",939.84339608956,526345,185152,1
"104734",866.210296727031,526445,185152,1
"104735",1130.68433003178,526545,185152,2
"104736",1206.97051966947,526645,185152,2
"104737",984.643459319705,526745,185152,2
"104738",952.297510866938,526845,185152,1
"104739",994.007508393817,526945,185152,2
"104740",1214.56781730248,527045,185152,2
"104741",1656.72621027212,527145,185152,3
"104742",1474.05071102263,527245,185152,2
"104743",1470.3308316933,527345,185152,2
"104744",1413.70867606402,527445,185152,2
"104745",1173.1759369018,527545,185152,2
"104746",980.634552244665,527645,185152,1
"104747",1058.74529376154,527745,185152,2
"104748",1058.74377980309,527845,185152,2
"104749",1497.97454757156,527945,185152,2
"104750",1537.31281383926,528045,185152,2
"104751",1638.43603874696,528145,185152,3
"104752",1689.91111663004,528245,185152,3
"104753",1136.90152585035,528345,185152,2
"104754",902.838688017935,528445,185152,1
"104755",910.643000890861,528545,185152,1
"104756",964.182594347694,528645,185152,1
"104757",1245.65650410458,528745,185152,2
"104758",1320.31946213971,528845,185152,2
"104759",1802.06239946406,528945,185152,3
"104760",3357.69493078035,529045,185152,6
"104761",1766.38724823601,529145,185152,3
"104762",1365.54270077579,529245,185152,2
"104763",1341.50833399617,529345,185152,2
"104764",1225.53991778676,529445,185152,2
"104765",1383.0758651686,529545,185152,2
"104766",973.090060223047,529645,185152,1
"105274",1059.68837502601,524245,185252,2
"105275",762.814745166309,524345,185252,1
"105276",911.382068534207,524445,185252,1
"105277",1827.52278099519,524545,185252,3
"105278",1458.70476928794,524645,185252,2
"105279",1222.7138928556,524745,185252,2
"105280",1223.62653831215,524845,185252,2
"105281",1213.46350140921,524945,185252,2
"105282",1084.88560524431,525045,185252,2
"105283",1707.48995791438,525145,185252,3
"105284",1786.6233354503,525245,185252,3
"105285",1819.91369901184,525345,185252,3
"105286",1549.68056667254,525445,185252,3
"105287",1518.15768731453,525545,185252,2
"105288",1211.34391787052,525645,185252,2
"105289",1169.29410151744,525745,185252,2
"105290",1153.44320100788,525845,185252,2
"105291",1086.89630179633,525945,185252,2
"105292",872.476262525828,526045,185252,1
"105293",817.308485717245,526145,185252,1
"105294",824.154466489035,526245,185252,1
"105295",973.089363426488,526345,185252,1
"105296",1052.57026382524,526445,185252,2
"105297",1177.56883699339,526545,185252,2
"105298",1229.40781222641,526645,185252,2
"105299",1196.43339333228,526745,185252,2
"105300",1021.07005074957,526845,185252,2
"105301",1123.30023997911,526945,185252,2
"105302",1349.49795900349,527045,185252,2
"105303",1551.28210105048,527145,185252,3
"105304",1563.22319877931,527245,185252,3
"105305",1441.10923240347,527345,185252,2
"105306",1424.45164292021,527445,185252,2
"105307",1211.53287626829,527545,185252,2
"105308",1024.16293971316,527645,185252,2
"105309",1054.29971453006,527745,185252,2
"105310",1897.43505982429,527845,185252,3
"105311",1210.59542961037,527945,185252,2
"105312",1515.90895937687,528045,185252,2
"105313",1657.6597848463,528145,185252,3
"105314",1270.66240106998,528245,185252,2
"105315",1253.69595305178,528345,185252,2
"105316",991.987785064009,528445,185252,2
"105317",822.742174592941,528545,185252,1
"105318",939.868286641916,528645,185252,1
"105319",938.847903132952,528745,185252,1
"105320",994.304646767227,528845,185252,2
"105321",1779.15664515085,528945,185252,3
"105322",1784.59217245423,529045,185252,3
"105323",1374.98461620346,529145,185252,2
"105324",1358.60525340732,529245,185252,2
"105325",1355.92738171468,529345,185252,2
"105326",1258.73824867267,529445,185252,2
"105327",1375.73692380396,529545,185252,2
"105328",999.195783862811,529645,185252,2
"105835",1138.05641063389,524145,185352,2
"105836",852.891109470879,524245,185352,1
"105837",855.301730919389,524345,185352,1
"105838",1785.3085647212,524445,185352,3
"105839",942.923426792224,524545,185352,1
"105840",938.90358380233,524645,185352,1
"105841",953.071382387728,524745,185352,1
"105842",898.46768713915,524845,185352,1
"105843",937.986474193975,524945,185352,1
"105844",939.909519026941,525045,185352,1
"105845",1682.60652517112,525145,185352,3
"105846",1696.04392335075,525245,185352,3
"105847",1476.64283193038,525345,185352,2
"105848",1484.59001884526,525445,185352,2
"105849",1384.8601532519,525545,185352,2
"105850",1408.78094526069,525645,185352,2
"105851",1192.87636441902,525745,185352,2
"105852",881.69010114668,525845,185352,1
"105853",818.745614081808,525945,185352,1
"105854",862.9165292242,526045,185352,1
"105855",802.637195231223,526145,185352,1
"105856",836.409890565154,526245,185352,1
"105857",1113.82640902979,526345,185352,2
"105858",1202.80418374648,526445,185352,2
"105859",1462.86894705604,526545,185352,2
"105860",1181.09336376195,526645,185352,2
"105861",1003.48764335621,526745,185352,2
"105862",1071.15396978586,526845,185352,2
"105863",1121.45709485877,526945,185352,2
"105864",1647.32161533268,527045,185352,3
"105865",1856.59404911126,527145,185352,3
"105866",1385.69280387833,527245,185352,2
"105867",1204.80867989037,527345,185352,2
"105868",1167.99971637639,527445,185352,2
"105869",1212.82578506897,527545,185352,2
"105870",1169.5156086415,527645,185352,2
"105871",1167.03242318545,527745,185352,2
"105872",1209.71767478961,527845,185352,2
"105873",1160.70974951342,527945,185352,2
"105874",1329.72234001154,528045,185352,2
"105875",1257.10516801128,528145,185352,2
"105876",1262.36839963064,528245,185352,2
"105877",1124.06926155738,528345,185352,2
"105878",799.162124582898,528445,185352,1
"105879",794.006018566392,528545,185352,1
"105880",897.341485518051,528645,185352,1
"105881",1002.91356664567,528745,185352,2
"105882",1399.53598662526,528845,185352,2
"105883",1591.96264800156,528945,185352,3
"105884",1381.78022906411,529045,185352,2
"105885",1334.59922505139,529145,185352,2
"105886",985.642560500993,529245,185352,2
"105887",1207.06711724933,529345,185352,2
"105888",1372.89746719902,529445,185352,2
"105889",950.566274857832,529545,185352,1
"106396",1898.44041463542,524045,185452,3
"106397",1171.72493035418,524145,185452,2
"106398",939.488381426575,524245,185452,1
"106399",861.332791973627,524345,185452,1
"106400",892.146045172624,524445,185452,1
"106401",931.201115713446,524545,185452,1
"106402",804.490006138598,524645,185452,1
"106403",917.386379068322,524745,185452,1
"106404",900.360141303193,524845,185452,1
"106405",939.51923594536,524945,185452,1
"106406",1663.0007862224,525045,185452,3
"106407",1673.45328098863,525145,185452,3
"106408",1665.63708041422,525245,185452,3
"106409",1633.29678602715,525345,185452,3
"106410",1518.20596077448,525445,185452,2
"106411",1395.46412344154,525545,185452,2
"106412",703.485572760117,525645,185452,1
"106413",1209.0856646201,525745,185452,2
"106414",870.979415376245,525845,185452,1
"106415",941.999116404086,525945,185452,1
"106416",945.164474540006,526045,185452,1
"106417",937.508144072365,526145,185452,1
"106418",1106.84857456976,526245,185452,2
"106419",1131.48127422953,526345,185452,2
"106420",1143.62740682978,526445,185452,2
"106421",1362.97189275667,526545,185452,2
"106422",1290.5549971654,526645,185452,2
"106423",1098.31970756007,526745,185452,2
"106424",1069.34038851438,526845,185452,2
"106425",1238.99291999746,526945,185452,2
"106426",1553.76934389119,527045,185452,3
"106427",1425.39863270955,527145,185452,2
"106428",1249.56286961492,527245,185452,2
"106429",1198.15479452384,527345,185452,2
"106430",1192.17862407858,527445,185452,2
"106431",1934.61299610078,527545,185452,3
"106432",1336.06375956421,527645,185452,2
"106433",2121.17304989176,527745,185452,4
"106434",1542.72554270816,527845,185452,2
"106435",1643.78786360618,527945,185452,3
"106436",2398.33832906548,528045,185452,4
"106437",1409.06998777409,528145,185452,2
"106438",1312.18622711651,528245,185452,2
"106439",1309.15044681748,528345,185452,2
"106440",1305.82263764839,528445,185452,2
"106441",850.329125244664,528545,185452,1
"106442",1009.73228748087,528645,185452,2
"106443",1194.74341366972,528745,185452,2
"106444",1566.3452807459,528845,185452,3
"106445",1557.6136640078,528945,185452,3
"106446",1266.13111068756,529045,185452,2
"106447",994.615014122403,529145,185452,2
"106448",1053.48246724417,529245,185452,2
"106449",1082.96412171047,529345,185452,2
"106450",1074.87329722611,529445,185452,2
"106957",1206.00439604306,524045,185552,2
"106958",1156.45117622036,524145,185552,2
"106959",1007.14369830931,524245,185552,2
"106960",938.006388378229,524345,185552,1
"106961",954.993640591578,524445,185552,1
"106962",909.252849893024,524545,185552,1
"106963",764.933570085683,524645,185552,1
"106964",876.679769125337,524745,185552,1
"106965",887.866978905745,524845,185552,1
"106966",1034.12863668971,524945,185552,2
"106967",1691.11605734601,525045,185552,3
"106968",1685.40683521516,525145,185552,3
"106969",1543.80671554817,525245,185552,3
"106970",1666.63436325237,525345,185552,3
"106971",1614.91326433434,525445,185552,3
"106972",1512.47584322441,525545,185552,2
"106973",749.348527946977,525645,185552,1
"106974",717.931620584811,525745,185552,1
"106975",812.879351179983,525845,185552,1
"106976",929.479380342995,525945,185552,1
"106977",1060.44600339112,526045,185552,2
"106978",1064.7355934682,526145,185552,2
"106979",1444.99236698448,526245,185552,2
"106980",1508.29021597508,526345,185552,2
"106981",2059.288476684,526445,185552,3
"106982",1453.9390943776,526545,185552,2
"106983",1288.12417168006,526645,185552,2
"106984",1287.33054081589,526745,185552,2
"106985",1403.18543726192,526845,185552,2
"106986",1142.7472346576,526945,185552,2
"106987",1410.06401076184,527045,185552,2
"106988",1169.8157872167,527145,185552,2
"106989",1918.27147835579,527245,185552,3
"106990",1644.96636094965,527345,185552,3
"106991",1459.67478094648,527445,185552,2
"106992",2083.56487163654,527545,185552,3
"106993",1410.41721489513,527645,185552,2
"106994",1469.65002814578,527745,185552,2
"106995",1849.75365120443,527845,185552,3
"106996",2294.03727294039,527945,185552,4
"106997",2461.92904890268,528045,185552,4
"106998",2397.28518552043,528145,185552,4
"106999",1244.70321162333,528245,185552,2
"107000",1219.38966692482,528345,185552,2
"107001",1304.46686927292,528445,185552,2
"107002",980.047979203834,528545,185552,1
"107003",1157.34916936184,528645,185552,2
"107004",1208.73484510753,528745,185552,2
"107005",1177.07974760698,528845,185552,2
"107006",1138.76782136076,528945,185552,2
"107007",1261.43152137139,529045,185552,2
"107008",1080.87318237863,529145,185552,2
"107009",1136.68689348275,529245,185552,2
"107010",1117.95873770916,529345,185552,2
"107519",915.63469015455,524145,185652,1
"107522",873.191807938437,524445,185652,1
"107526",887.972023605212,524845,185652,1
"107527",1000.65803149299,524945,185652,2
"107528",1014.85182763647,525045,185652,2
"107529",1063.36067246806,525145,185652,2
"107530",1691.97789844016,525245,185652,3
"107531",1888.20168035878,525345,185652,3
"107532",1633.97136458103,525445,185652,3
"107533",1306.9541120304,525545,185652,2
"107534",1299.35980681127,525645,185652,2
"107535",731.537401575125,525745,185652,1
"107536",775.968467525066,525845,185652,1
"107537",796.382860049753,525945,185652,1
"107538",1057.2954363531,526045,185652,2
"107539",1139.76833799311,526145,185652,2
"107540",1456.95300999084,526245,185652,2
"107541",1908.91332822807,526345,185652,3
"107542",1937.65798338661,526445,185652,3
"107543",1908.02065432135,526545,185652,3
"107544",1606.85287196878,526645,185652,3
"107545",1086.55489816271,526745,185652,2
"107546",1292.66251280587,526845,185652,2
"107547",1068.81556216066,526945,185652,2
"107548",1198.12336879123,527045,185652,2
"107549",1215.93563773646,527145,185652,2
"107550",1209.83825071662,527245,185652,2
"107551",1243.50941254266,527345,185652,2
"107552",1243.31428237579,527445,185652,2
"107553",1467.57775129923,527545,185652,2
"107554",1445.15600584735,527645,185652,2
"107555",1474.54797491466,527745,185652,2
"107556",1038.21602606542,527845,185652,2
"107557",1052.70746141488,527945,185652,2
"107558",1057.14467026412,528045,185652,2
"107559",1178.86853165581,528145,185652,2
"107560",1252.49331834347,528245,185652,2
"107561",1234.95130571398,528345,185652,2
"107562",1331.1903606867,528445,185652,2
"107563",978.402576259711,528545,185652,1
"107564",1105.97674361825,528645,185652,2
"107565",1203.00886782037,528745,185652,2
"107566",1001.96118196519,528845,185652,2
"107567",1155.10562553763,528945,185652,2
"107568",2186.3024467148,529045,185652,4
"107569",1747.4547020082,529145,185652,3
"107570",1697.58554842948,529245,185652,3
"108089",999.152725387166,524945,185752,2
"108090",1010.07234257773,525045,185752,2
"108091",2532.00286394339,525145,185752,4
"108092",1046.45903951181,525245,185752,2
"108093",1452.04491683133,525345,185752,2
"108094",1007.14979464102,525445,185752,2
"108095",788.872736047949,525545,185752,1
"108096",737.6305678783,525645,185752,1
"108097",637.233244608542,525745,185752,1
"108098",729.116644600068,525845,185752,1
"108099",857.855843070354,525945,185752,1
"108100",885.531596154549,526045,185752,1
"108101",1012.52327022997,526145,185752,2
"108102",1139.45993956172,526245,185752,2
"108103",2033.15328653849,526345,185752,3
"108104",2030.91234788791,526445,185752,3
"108105",1455.83313176112,526545,185752,2
"108106",1090.95393024132,526645,185752,2
"108107",1091.61719474467,526745,185752,2
"108108",967.135657170022,526845,185752,1
"108109",1212.20686144867,526945,185752,2
"108110",899.624327720592,527045,185752,1
"108111",1233.36004976113,527145,185752,2
"108112",1247.1315421496,527245,185752,2
"108113",1236.36195034565,527345,185752,2
"108114",856.319893896346,527445,185752,1
"108115",800.912286068721,527545,185752,1
"108116",938.851969222728,527645,185752,1
"108117",1031.92282588407,527745,185752,2
"108118",933.136603705135,527845,185752,1
"108119",888.592944842318,527945,185752,1
"108120",871.635282424393,528045,185752,1
"108121",1147.58896208737,528145,185752,2
"108122",1324.82314122565,528245,185752,2
"108123",1316.56244854153,528345,185752,2
"108124",1439.09832979843,528445,185752,2
"108125",1493.33546536651,528545,185752,2
"108126",1757.74082701876,528645,185752,3
"108127",1135.41050360831,528745,185752,2
"108128",1150.87927052691,528845,185752,2
"108129",1117.93282115508,528945,185752,2
"108130",1658.62597455421,529045,185752,3
"108131",1632.01322660733,529145,185752,3
"108651",1044.21559606199,524945,185852,2
"108652",1024.55725932445,525045,185852,2
"108653",1185.49474852476,525145,185852,2
"108654",1061.64950224602,525245,185852,2
"108655",1005.01303048016,525345,185852,2
"108656",867.161351209239,525445,185852,1
"108657",801.841059752406,525545,185852,1
"108658",743.401454018092,525645,185852,1
"108659",649.261372808144,525745,185852,1
"108660",734.121919613967,525845,185852,1
"108661",746.479695902807,525945,185852,1
"108662",1012.59205465106,526045,185852,2
"108663",1016.88055770368,526145,185852,2
"108664",1534.15617979874,526245,185852,2
"108665",1552.75459839562,526345,185852,3
"108666",1934.84547115432,526445,185852,3
"108667",1545.83190255851,526545,185852,3
"108668",1039.44209372276,526645,185852,2
"108669",1073.55239259759,526745,185852,2
"108670",870.867268596348,526845,185852,1
"108671",977.319543243967,526945,185852,1
"108672",922.082782297771,527045,185852,1
"108673",1232.2075922255,527145,185852,2
"108674",857.506855106219,527245,185852,1
"108675",1238.59955320271,527345,185852,2
"108676",852.615677045998,527445,185852,1
"108677",813.898882877112,527545,185852,1
"108678",934.052783862837,527645,185852,1
"108679",930.682185971715,527745,185852,1
"108680",936.247015892253,527845,185852,1
"108681",861.230444277608,527945,185852,1
"108682",816.147466068692,528045,185852,1
"108683",955.050724268048,528145,185852,1
"108684",1142.4220550317,528245,185852,2
"108685",1340.66097398662,528345,185852,2
"108686",1454.01257852011,528445,185852,2
"108687",1661.09900607772,528545,185852,3
"108688",1368.61135794837,528645,185852,2
"108689",1041.2707350224,528745,185852,2
"108690",1132.95574184224,528845,185852,2
"108691",1606.65120616353,528945,185852,3
"108692",1756.63387645437,529045,185852,3
"108693",3234.17415708727,529145,185852,6
"109214",1057.72698308628,525045,185952,2
"109215",1037.63083866892,525145,185952,2
"109216",1027.05948183229,525245,185952,2
"109217",1040.73205145656,525345,185952,2
"109218",990.438361600476,525445,185952,2
"109219",833.803644792265,525545,185952,1
"109220",777.41285758922,525645,185952,1
"109221",664.797868643376,525745,185952,1
"109222",757.966080609387,525845,185952,1
"109223",694.356175236776,525945,185952,1
"109224",901.27937003412,526045,185952,1
"109225",1027.21335511516,526145,185952,2
"109226",1530.29281987211,526245,185952,2
"109227",1551.22575259665,526345,185952,3
"109228",1235.06393948845,526445,185952,2
"109229",1538.11337277004,526545,185952,2
"109230",1038.07342755954,526645,185952,2
"109231",1015.2831254311,526745,185952,2
"109232",872.521993847621,526845,185952,1
"109233",606.35627612157,526945,185952,1
"109234",855.708469608483,527045,185952,1
"109235",776.235522231171,527145,185952,1
"109236",854.792905777395,527245,185952,1
"109237",853.601789460923,527345,185952,1
"109238",789.529389263592,527445,185952,1
"109239",791.936476564187,527545,185952,1
"109240",864.620624168576,527645,185952,1
"109241",856.47572069669,527745,185952,1
"109242",750.770605700187,527845,185952,1
"109243",848.975149739831,527945,185952,1
"109244",1067.06397777105,528045,185952,2
"109245",1092.96535867562,528145,185952,2
"109246",1015.13008872744,528245,185952,2
"109247",1058.88698649715,528345,185952,2
"109248",1468.36209708793,528445,185952,2
"109249",1709.51164062147,528545,185952,3
"109250",1618.32325634123,528645,185952,3
"109251",1040.42827278961,528745,185952,2
"109252",1113.26463066025,528845,185952,2
"109253",1119.58781398573,528945,185952,2
"109254",1637.18110038832,529045,185952,3
"109777",1088.23104615382,525145,186052,2
"109778",1076.52707180171,525245,186052,2
"109779",1052.00887824507,525345,186052,2
"109780",792.91263353109,525445,186052,1
"109781",815.12030300831,525545,186052,1
"109782",777.053387685301,525645,186052,1
"109783",658.003395613933,525745,186052,1
"109784",754.977193797539,525845,186052,1
"109785",715.971762105172,525945,186052,1
"109786",590.388288307798,526045,186052,1
"109787",1030.00519878794,526145,186052,2
"109788",1035.47488878886,526245,186052,2
"109789",1249.74828316413,526345,186052,2
"109790",1047.41370700707,526445,186052,2
"109791",1040.85849634176,526545,186052,2
"109792",1026.7834633614,526645,186052,2
"109793",1003.6203946162,526745,186052,2
"109794",881.088183333161,526845,186052,1
"109795",736.564240563107,526945,186052,1
"109796",,527045,186052,0
"109797",733.312460976278,527145,186052,1
"109798",778.164344521059,527245,186052,1
"109799",599.225479009754,527345,186052,1
"109800",772.872165404476,527445,186052,1
"109801",782.921748594018,527545,186052,1
"109802",679.502008893688,527645,186052,1
"109803",725.280313296036,527745,186052,1
"109804",749.156829264063,527845,186052,1
"109805",1132.77612171206,527945,186052,2
"109806",1120.6245622576,528045,186052,2
"109807",1308.37159436539,528145,186052,2
"109808",1269.52393811049,528245,186052,2
"109809",1281.23150233859,528345,186052,2
"109810",2214.4137969711,528445,186052,4
"109811",1467.50291838726,528545,186052,2
"109812",1361.34844642168,528645,186052,2
"109813",1027.73588809974,528745,186052,2
"109814",1027.43625335143,528845,186052,2
"109815",1110.16269571026,528945,186052,2
"109816",1660.45029934922,529045,186052,3
"110339",1059.47903201366,525145,186152,2
"110340",1006.99906725646,525245,186152,2
"110341",907.796651383911,525345,186152,1
"110342",869.084633851365,525445,186152,1
"110343",,525545,186152,0
"110344",421.70897383551,525645,186152,1
"110345",657.674806511541,525745,186152,1
"110346",649.933876723881,525845,186152,1
"110347",699.008361055759,525945,186152,1
"110348",902.217801804124,526045,186152,1
"110349",922.2703705597,526145,186152,1
"110350",1053.61209928442,526245,186152,2
"110351",1088.30660951445,526345,186152,2
"110352",1049.42585504533,526445,186152,2
"110353",923.42875067615,526545,186152,1
"110354",897.180097236768,526645,186152,1
"110355",882.723249396666,526745,186152,1
"110356",709.329229770785,526845,186152,1
"110357",699.99882159127,526945,186152,1
"110358",655.708392507756,527045,186152,1
"110359",735.815939665421,527145,186152,1
"110360",734.987496539446,527245,186152,1
"110361",599.601752743128,527345,186152,1
"110362",646.340321889622,527445,186152,1
"110363",676.078401717185,527545,186152,1
"110364",721.666990745465,527645,186152,1
"110365",821.86148545855,527745,186152,1
"110366",988.04487534319,527845,186152,2
"110367",1152.15785437158,527945,186152,2
"110368",1150.65920640924,528045,186152,2
"110369",1291.6125891699,528145,186152,2
"110370",1310.07365995181,528245,186152,2
"110371",1341.41490440909,528345,186152,2
"110372",2151.6764668915,528445,186152,4
"110373",1227.46999256061,528545,186152,2
"110374",1215.99048900803,528645,186152,2
"110375",1020.44255781579,528745,186152,2
"110376",1018.21390233715,528845,186152,2
"110377",1116.39594786595,528945,186152,2
"110904",918.354293319737,525445,186252,1
"110905",737.395759761552,525545,186252,1
"110906",656.91745575419,525645,186252,1
"110907",652.623534806852,525745,186252,1
"110908",656.139243307246,525845,186252,1
"110909",654.649076598641,525945,186252,1
"110910",874.093057183328,526045,186252,1
"110911",947.263991645571,526145,186252,1
"110912",959.081751764682,526245,186252,1
"110913",1903.04666007721,526345,186252,3
"110914",925.478295142752,526445,186252,1
"110915",850.355094602685,526545,186252,1
"110916",708.00269819666,526645,186252,1
"110917",700.452382580829,526745,186252,1
"110918",676.630612366893,526845,186252,1
"110919",,526945,186252,0
"110920",,527045,186252,0
"110921",605.448096088693,527145,186252,1
"110922",,527245,186252,0
"110923",,527345,186252,0
"110924",,527445,186252,0
"110925",664.934273498474,527545,186252,1
"110926",765.962960000141,527645,186252,1
"110927",818.716265607169,527745,186252,1
"110928",822.417242486024,527845,186252,1
"110929",1153.48160986903,527945,186252,2
"110930",1161.57594944444,528045,186252,2
"110931",1163.07791962191,528145,186252,2
"110932",1430.15137092004,528245,186252,2
"110933",2784.43412633447,528345,186252,5
"110934",1440.56056368006,528445,186252,2
"110935",1226.50485533387,528545,186252,2
"110936",980.415058983777,528645,186252,1
"110937",1082.72792434414,528745,186252,2
"110938",1017.19624988835,528845,186252,2
"110939",1111.46044012843,528945,186252,2
"111467",852.981519506648,525545,186352,1
"111468",673.946117967908,525645,186352,1
"111469",655.482489620906,525745,186352,1
"111470",677.896101123576,525845,186352,1
"111471",715.163209526074,525945,186352,1
"111472",1180.65151517287,526045,186352,2
"111473",920.86543367356,526145,186352,1
"111474",1990.1009082066,526245,186352,3
"111475",1994.48875769647,526345,186352,3
"111476",859.301302510223,526445,186352,1
"111477",863.514640238923,526545,186352,1
"111478",756.032165168977,526645,186352,1
"111479",725.042074600717,526745,186352,1
"111480",622.028495756381,526845,186352,1
"111481",587.862180244338,526945,186352,1
"111482",,527045,186352,0
"111483",,527145,186352,0
"111484",,527245,186352,0
"111485",,527345,186352,0
"111486",,527445,186352,0
"111487",,527545,186352,0
"111488",658.295719750579,527645,186352,1
"111489",819.611997684633,527745,186352,1
"111490",986.354604092318,527845,186352,2
"111491",1155.62201686089,527945,186352,2
"111492",1161.21315993046,528045,186352,2
"111493",1411.96450370836,528145,186352,2
"111494",1447.82453504415,528245,186352,2
"111495",1534.44049973087,528345,186352,2
"111496",1433.32748785112,528445,186352,2
"111497",1525.545247496,528545,186352,2
"111498",1097.7469146133,528645,186352,2
"111499",1128.75552319733,528745,186352,2
"111500",856.19539705611,528845,186352,1
"111501",1549.69727851999,528945,186352,3
"112028",676.330532793794,525545,186452,1
"112029",645.645123868217,525645,186452,1
"112030",652.538766559111,525745,186452,1
"112031",685.414071719759,525845,186452,1
"112032",725.347977666185,525945,186452,1
"112033",1198.40892630611,526045,186452,2
"112034",1212.91138693,526145,186452,2
"112035",2015.71554942027,526245,186452,3
"112036",944.637303751515,526345,186452,1
"112037",1228.44420787239,526445,186452,2
"112038",764.456774013328,526545,186452,1
"112039",762.679034931618,526645,186452,1
"112040",725.105278880666,526745,186452,1
"112041",621.148311935758,526845,186452,1
"112042",582.770927464123,526945,186452,1
"112043",,527045,186452,0
"112044",,527145,186452,0
"112045",,527245,186452,0
"112046",,527345,186452,0
"112047",,527445,186452,0
"112048",,527545,186452,0
"112049",766.469651007128,527645,186452,1
"112050",817.832758350568,527745,186452,1
"112051",870.219766435164,527845,186452,1
"112052",1156.47824973182,527945,186452,2
"112053",989.873167300359,528045,186452,2
"112054",868.57966435452,528145,186452,1
"112055",1422.11875636818,528245,186452,2
"112056",1451.30390267754,528345,186452,2
"112057",1539.59023531506,528445,186452,2
"112058",1211.72356048335,528545,186452,2
"112059",1149.04954014548,528645,186452,2
"112060",1288.08372814917,528745,186452,2
"112061",1458.36883200104,528845,186452,2
"112062",1479.98638572425,528945,186452,2
"112589",657.108763086092,525645,186552,1
"112590",652.332587224145,525745,186552,1
"112591",689.301245843823,525845,186552,1
"112592",740.796270382166,525945,186552,1
"112593",1035.32668544894,526045,186552,2
"112594",1533.25570780747,526145,186552,2
"112595",1535.63663929045,526245,186552,2
"112596",1270.35620042509,526345,186552,2
"112597",1218.2802696516,526445,186552,2
"112598",737.898758737221,526545,186552,1
"112599",734.023367803822,526645,186552,1
"112600",724.700780161969,526745,186552,1
"112601",632.66504661204,526845,186552,1
"112602",620.50424271035,526945,186552,1
"112603",,527045,186552,0
"112604",,527145,186552,0
"112605",,527245,186552,0
"112606",,527345,186552,0
"112607",,527445,186552,0
"112608",,527545,186552,0
"112609",660.869331724573,527645,186552,1
"112610",768.947158899163,527745,186552,1
"112611",771.011467498107,527845,186552,1
"112612",870.027109927489,527945,186552,1
"112613",1158.88716705653,528045,186552,2
"112614",1164.8256841652,528145,186552,2
"112615",1164.71388151391,528245,186552,2
"112616",1143.70445546281,528345,186552,2
"112617",1245.11679482188,528445,186552,2
"112618",1177.64559387217,528545,186552,2
"112619",1204.19988129637,528645,186552,2
"112620",1317.31142238905,528745,186552,2
"112621",1284.83289811089,528845,186552,2
"112622",1539.86863282899,528945,186552,2
"113147",637.821306841586,525645,186652,1
"113148",662.629106563581,525745,186652,1
"113149",688.598528702056,525845,186652,1
"113150",737.273909966177,525945,186652,1
"113151",1042.9969877275,526045,186652,2
"113152",1036.04759590578,526145,186652,2
"113153",1563.03691945851,526245,186652,3
"113154",1237.72140149252,526345,186652,2
"113155",1147.34040160053,526445,186652,2
"113156",735.340411303824,526545,186652,1
"113157",721.667556928509,526645,186652,1
"113158",708.397905801108,526745,186652,1
"113159",710.995246416,526845,186652,1
"113160",620.105489199682,526945,186652,1
"113161",581.044039428565,527045,186652,1
"113162",585.997456519853,527145,186652,1
"113163",,527245,186652,0
"113164",,527345,186652,0
"113165",,527445,186652,0
"113166",,527545,186652,0
"113167",530.539946251042,527645,186652,1
"113168",530.453130437768,527745,186652,1
"113169",538.216983331317,527845,186652,1
"113170",822.772352932863,527945,186652,1
"113171",988.159795487263,528045,186652,2
"113172",1037.46399996514,528145,186652,2
"113173",994.890007357317,528245,186652,2
"113174",1018.49974750981,528345,186652,2
"113175",1019.89536950569,528445,186652,2
"113176",1229.96339952382,528545,186652,2
"113177",1377.99883772773,528645,186652,2
"113178",1861.05904549817,528745,186652,3
"113179",1304.11297311616,528845,186652,2
"113180",1513.53564155565,528945,186652,2
"113704",599.558232939709,525745,186752,1
"113705",691.297858079328,525845,186752,1
"113706",888.184310186831,525945,186752,1
"113707",912.05271325398,526045,186752,1
"113708",1048.04086377401,526145,186752,2
"113709",1092.98389818515,526245,186752,2
"113710",1325.65818285926,526345,186752,2
"113711",1374.3772560405,526445,186752,2
"113712",1328.12102110555,526545,186752,2
"113713",715.852837859198,526645,186752,1
"113714",713.130457982587,526745,186752,1
"113715",710.944259640466,526845,186752,1
"113716",719.416435582129,526945,186752,1
"113717",619.64302799195,527045,186752,1
"113718",581.909296286553,527145,186752,1
"113719",,527245,186752,0
"113720",,527345,186752,0
"113721",537.233110409019,527445,186752,1
"113722",534.971563380388,527545,186752,1
"113723",531.16986831365,527645,186752,1
"113724",821.309771123322,527745,186752,1
"113725",824.659888340983,527845,186752,1
"113726",774.349092509356,527945,186752,1
"113727",2072.75530536219,528045,186752,3
"113728",2105.78520641827,528145,186752,4
"113729",1017.41580743638,528245,186752,2
"113730",834.254707988552,528345,186752,1
"113731",954.347823839269,528445,186752,1
"113732",1221.53870908464,528545,186752,2
"113733",1363.76378517006,528645,186752,2
"113734",1363.90166995462,528745,186752,2
"113735",1351.09096329795,528845,186752,2
"113736",1990.71558401071,528945,186752,3
"114261",848.953949383125,525845,186852,1
"114262",910.753157084125,525945,186852,1
"114263",918.105774538879,526045,186852,1
"114264",915.571388798379,526145,186852,1
"114265",696.241014780312,526245,186852,1
"114266",1324.06302872412,526345,186852,2
"114267",1691.37149478398,526445,186852,3
"114268",727.025868114914,526545,186852,1
"114269",718.881255689361,526645,186852,1
"114270",715.636711250387,526745,186852,1
"114271",719.044996694957,526845,186852,1
"114272",621.23305805155,526945,186852,1
"114273",619.915730697442,527045,186852,1
"114274",585.629668065309,527145,186852,1
"114275",,527245,186852,0
"114276",,527345,186852,0
"114277",693.992673719955,527445,186852,1
"114278",531.756251581255,527545,186852,1
"114279",533.763583254912,527645,186852,1
"114280",824.176303353117,527745,186852,1
"114281",829.526365433027,527845,186852,1
"114282",824.615783834299,527945,186852,1
"114283",910.946628140675,528045,186852,1
"114284",997.899383285534,528145,186852,2
"114285",759.087879263885,528245,186852,1
"114286",760.583189471929,528345,186852,1
"114287",903.293574752422,528445,186852,1
"114288",948.783416522676,528545,186852,1
"114289",929.06134474446,528645,186852,1
"114290",915.629840420523,528745,186852,1
"114291",947.382837128932,528845,186852,1
"114819",1005.1845660437,526045,186952,2
"114820",914.114161319998,526145,186952,1
"114821",897.614699363469,526245,186952,1
"114822",909.145048524019,526345,186952,1
"114823",694.801179595263,526445,186952,1
"114824",727.759500664318,526545,186952,1
"114825",734.414311875911,526645,186952,1
"114826",730.148128828426,526745,186952,1
"114827",729.557997343552,526845,186952,1
"114828",616.363037638517,526945,186952,1
"114829",598.434331479552,527045,186952,1
"114830",,527145,186952,0
"114831",,527245,186952,0
"114832",693.552434418056,527345,186952,1
"114833",693.809570387109,527445,186952,1
"114834",681.342838748815,527545,186952,1
"114835",529.64733631968,527645,186952,1
"114836",821.52906926053,527745,186952,1
"114837",822.762028969949,527845,186952,1
"114838",935.242496717745,527945,186952,1
"114839",860.366938087962,528045,186952,1
"114840",762.947736074232,528145,186952,1
"114841",759.68308726688,528245,186952,1
"114842",756.096668504901,528345,186952,1
"114843",902.371086824236,528445,186952,1
"114844",936.139543685483,528545,186952,1
"114845",917.600233193506,528645,186952,1
"114846",957.849651810002,528745,186952,1
"114847",935.638981926823,528845,186952,1
"115374",1012.46950990397,526045,187052,2
"115375",901.532837870726,526145,187052,1
"115376",895.928660427596,526245,187052,1
"115377",695.878455856926,526345,187052,1
"115378",682.847408908043,526445,187052,1
"115379",721.142423636128,526545,187052,1
"115380",711.452337519966,526645,187052,1
"115381",733.374758142452,526745,187052,1
"115382",730.203851013265,526845,187052,1
"115383",731.419014712179,526945,187052,1
"115384",732.51299703587,527045,187052,1
"115385",693.4962296887,527145,187052,1
"115386",693.583999973308,527245,187052,1
"115387",694.591858688515,527345,187052,1
"115388",693.928200057461,527445,187052,1
"115389",677.450263612956,527545,187052,1
"115390",674.703710053367,527645,187052,1
"115391",663.093001795338,527745,187052,1
"115392",823.34192556573,527845,187052,1
"115393",931.814951978804,527945,187052,1
"115394",890.341201061857,528045,187052,1
"115395",829.370230423225,528145,187052,1
"115396",769.391010931432,528245,187052,1
"115397",763.018132050392,528345,187052,1
"115398",809.120957494992,528445,187052,1
"115399",928.967418805563,528545,187052,1
"115400",878.061876062866,528645,187052,1
"115401",882.602720304331,528745,187052,1
"115402",1098.95703929735,528845,187052,2
"115930",898.832679423323,526145,187152,1
"115931",683.26159076271,526245,187152,1
"115932",683.965646192404,526345,187152,1
"115933",679.199812509294,526445,187152,1
"115934",1413.67886215438,526545,187152,2
"115935",1400.40714123019,526645,187152,2
"115936",762.105928031542,526745,187152,1
"115937",733.040043757124,526845,187152,1
"115938",759.155816986099,526945,187152,1
"115939",734.157659187097,527045,187152,1
"115940",693.562522858992,527145,187152,1
"115941",693.191067138329,527245,187152,1
"115942",785.822774886891,527345,187152,1
"115943",785.037572622278,527445,187152,1
"115944",680.35961615489,527545,187152,1
"115945",674.340566189592,527645,187152,1
"115946",674.707306272948,527745,187152,1
"115947",779.923548256039,527845,187152,1
"115948",782.649437086555,527945,187152,1
"115949",856.868851079453,528045,187152,1
"115950",1111.39146957797,528145,187152,2
"115951",1182.64042801084,528245,187152,2
"115952",859.938578263537,528345,187152,1
"115953",972.891521484744,528445,187152,1
"115954",872.62010337244,528545,187152,1
"115955",872.366530743597,528645,187152,1
"115956",888.325688242237,528745,187152,1
"115957",766.333488294992,528845,187152,1
"116486",676.078034505815,526345,187252,1
"116487",676.738093565408,526445,187252,1
"116490",734.665276275808,526745,187252,1
"116491",735.336528419246,526845,187252,1
"116492",733.18231776621,526945,187252,1
"116493",732.150275348192,527045,187252,1
"116494",784.930620750621,527145,187252,1
"116495",786.617464562461,527245,187252,1
"116496",786.337829774192,527345,187252,1
"116497",1001.32936885686,527445,187252,2
"116498",1006.43965516328,527545,187252,2
"116499",680.288742559127,527645,187252,1
"116500",679.648549674923,527745,187252,1
"116501",780.075731036341,527845,187252,1
"116502",1208.09460059544,527945,187252,2
"116503",1201.44852178428,528045,187252,2
"116504",1088.8348586025,528145,187252,2
"116505",1172.25180082615,528245,187252,2
"116506",1152.62607115268,528345,187252,2
"116507",973.041618362072,528445,187252,1
"116508",851.891793709892,528545,187252,1
"116509",1648.97719738934,528645,187252,3
"116510",895.148575843993,528745,187252,1
"117044",1234.64793668796,526745,187352,2
"117045",1238.23281952682,526845,187352,2
"117046",734.328297084069,526945,187352,1
"117047",733.816760072535,527045,187352,1
"117048",693.801673159618,527145,187352,1
"117049",1090.59855253439,527245,187352,2
"117050",1082.68252959269,527345,187352,2
"117051",1003.46856712563,527445,187352,2
"117052",1001.54380461366,527545,187352,2
"117053",679.433528211838,527645,187352,1
"117054",678.242490366619,527745,187352,1
"117055",782.992805733591,527845,187352,1
"117056",1207.17460366559,527945,187352,2
"117057",1207.45157409563,528045,187352,2
"117058",1262.56604241008,528145,187352,2
"117059",1288.31639953137,528245,187352,2
"117060",1334.12391757822,528345,187352,2
"117061",1249.95050194766,528445,187352,2
"117062",1331.85553432722,528545,187352,2
"117600",1245.76090959588,526745,187452,2
"117601",1227.35014933937,526845,187452,2
"117602",1227.37102474479,526945,187452,2
"117603",733.386799026959,527045,187452,1
"117604",1091.24105387907,527145,187452,2
"117605",1087.11062887869,527245,187452,2
"117606",1082.39359530888,527345,187452,2
"117607",1034.71756111883,527445,187452,2
"117608",1371.08014373415,527545,187452,2
"117609",1272.11553135245,527645,187452,2
"117610",1269.54939529002,527745,187452,2
"117611",1272.6345274412,527845,187452,2
"117612",1280.64620904816,527945,187452,2
"117613",1268.90917673941,528045,187452,2
"117614",1280.18420670281,528145,187452,2
"117615",1350.57340168857,528245,187452,2
"118159",1226.13044298067,526945,187552,2
"118160",1088.33390150553,527045,187552,2
"118161",1492.10791101455,527145,187552,2
"118162",1513.15339188264,527245,187552,2
"118163",1535.54191199436,527345,187552,2
"118164",1374.13566019293,527445,187552,2
"118165",1318.33036852057,527545,187552,2
"118166",1376.64785914602,527645,187552,2
"83306",2027.68610024116,529945,181052,3
"83307",1458.89306747955,530045,181052,2
"83811",1760.74449906296,529945,181152,3
"83812",1238.59452232516,530045,181152,2
"83813",1281.10859108772,530145,181152,2
"83814",1624.75073901817,530245,181152,3
"84318",1885.59081057584,529845,181252,3
"84319",1872.14274981387,529945,181252,3
"84320",1317.34512539121,530045,181252,2
"84321",1239.90955893387,530145,181252,2
"84322",1090.15486541022,530245,181252,2
"84323",1236.67618891925,530345,181252,2
"84324",1230.14307524549,530445,181252,2
"84325",1231.92984119717,530545,181252,2
"84326",1345.92177456613,530645,181252,2
"84827",3490.86643136622,529845,181352,6
"84828",2061.37596192479,529945,181352,3
"84829",1335.8087994302,530045,181352,2
"84830",1259.12310034925,530145,181352,2
"84831",1331.53786476113,530245,181352,2
"84832",1253.94671631221,530345,181352,2
"84833",1410.67193383153,530445,181352,2
"84834",1424.86802314093,530545,181352,2
"84835",1355.3665084881,530645,181352,2
"84836",1351.3111076749,530745,181352,2
"84837",1017.24868334218,530845,181352,2
"84838",1062.11882059931,530945,181352,2
"84839",1059.17064703993,531045,181352,2
"85335",1875.44554274692,529745,181452,3
"85336",1933.66101921781,529845,181452,3
"85337",1887.54787936084,529945,181452,3
"85338",1385.87475850115,530045,181452,2
"85339",1386.09218594883,530145,181452,2
"85340",1356.0276636218,530245,181452,2
"85341",1376.8091051676,530345,181452,2
"85342",1428.24898735795,530445,181452,2
"85343",2286.42075379171,530545,181452,4
"85344",1666.56606559297,530645,181452,3
"85345",1341.63287156298,530745,181452,2
"85346",1037.71932530309,530845,181452,2
"85347",1058.19516102559,530945,181452,2
"85348",1063.16176864352,531045,181452,2
"85841",1187.3641197903,529545,181552,2
"85842",1306.02627987627,529645,181552,2
"85843",2015.39088011851,529745,181552,3
"85844",1691.15973053685,529845,181552,3
"85845",1420.46623135092,529945,181552,2
"85846",1258.19225128957,530045,181552,2
"85847",1275.64077855383,530145,181552,2
"85848",1601.2906292063,530245,181552,3
"85849",1410.74427007701,530345,181552,2
"85850",2133.19337779133,530445,181552,4
"85851",2860.79397034611,530545,181552,5
"85852",2949.20126819248,530645,181552,5
"85853",1622.96305420108,530745,181552,3
"85854",1262.91223532698,530845,181552,2
"85855",1397.72191675565,530945,181552,2
"86348",1309.68236828335,529445,181652,2
"86349",1371.70277254566,529545,181652,2
"86350",1452.17382004633,529645,181652,2
"86351",1435.13641719141,529745,181652,2
"86352",1310.26983648702,529845,181652,2
"86353",1191.27994746785,529945,181652,2
"86354",1002.70377777229,530045,181652,2
"86355",1030.24115628789,530145,181652,2
"86356",1194.65957057624,530245,181652,2
"86357",1447.51014999532,530345,181652,2
"86358",1520.26068540111,530445,181652,2
"86359",1668.74638806431,530545,181652,3
"86360",1645.95059779937,530645,181652,3
"86361",1336.29958863623,530745,181652,2
"86362",1385.39307238926,530845,181652,2
"86363",1376.35737140801,530945,181652,2
"86364",2045.84541500469,531045,181652,3
"86365",2063.19278818493,531145,181652,3
"86366",1437.2009761781,531245,181652,2
"86367",1207.79720500368,531345,181652,2
"86368",1403.7016087661,531445,181652,2
"86855",1407.40467045336,529345,181752,2
"86856",1432.79185641142,529445,181752,2
"86857",2538.1308558222,529545,181752,4
"86858",1414.46751917156,529645,181752,2
"86859",1337.99233685189,529745,181752,2
"86860",1035.73904218176,529845,181752,2
"86861",883.930627606536,529945,181752,1
"86862",890.271830490641,530045,181752,1
"86863",1162.96123587592,530145,181752,2
"86864",940.712959163398,530245,181752,1
"86865",1392.05729549672,530345,181752,2
"86866",1414.39331015862,530445,181752,2
"86867",1434.22229548809,530545,181752,2
"86868",1380.93386594784,530645,181752,2
"86869",1244.29442188601,530745,181752,2
"86870",1111.65425494627,530845,181752,2
"86871",1423.30881887225,530945,181752,2
"86872",1418.04720128567,531045,181752,2
"86873",1413.63217880453,531145,181752,2
"86874",1427.92843848797,531245,181752,2
"86875",1376.12665403409,531345,181752,2
"86876",1390.79481824442,531445,181752,2
"87361",1105.55158457913,529245,181852,2
"87362",1401.21197447197,529345,181852,2
"87363",2581.15970690503,529445,181852,4
"87364",2667.04056483817,529545,181852,5
"87365",1448.34905909139,529645,181852,2
"87366",1297.52606845528,529745,181852,2
"87367",1046.45994466957,529845,181852,2
"87368",988.506663756966,529945,181852,2
"87369",999.276145028431,530045,181852,2
"87370",945.510009483176,530145,181852,1
"87371",1099.78877305724,530245,181852,2
"87372",1651.28040661314,530345,181852,3
"87373",1151.35889636608,530445,181852,2
"87374",1326.90433337422,530545,181852,2
"87375",1277.22772333977,530645,181852,2
"87376",1083.73071446805,530745,181852,2
"87377",1120.16460452141,530845,181852,2
"87378",1099.89507745569,530945,181852,2
"87379",1600.06075214779,531045,181852,3
"87380",1512.78258853485,531145,181852,2
"87381",1129.30840266906,531245,181852,2
"87382",1102.43380112071,531345,181852,2
"87383",1427.44611012454,531445,181852,2
"87868",1126.07359187385,529145,181952,2
"87869",1100.05190383877,529245,181952,2
"87870",1516.13295582832,529345,181952,2
"87871",1543.29707113349,529445,181952,3
"87872",1569.86638484827,529545,181952,3
"87873",1348.05224957623,529645,181952,2
"87874",1306.66407266007,529745,181952,2
"87875",1072.05651515106,529845,181952,2
"87876",986.381597289818,529945,181952,2
"87877",1208.43503555713,530045,181952,2
"87878",1238.94658410964,530145,181952,2
"87879",1413.30013662393,530245,181952,2
"87880",1135.83282246984,530345,181952,2
"87881",1063.53034490451,530445,181952,2
"87882",1004.49563950623,530545,181952,2
"87883",963.004882666517,530645,181952,1
"87884",1001.78737480224,530745,181952,2
"87885",904.784048631792,530845,181952,1
"87886",1606.29879898867,530945,181952,3
"87887",1482.53982610168,531045,181952,2
"87888",1027.72544057846,531145,181952,2
"87889",1060.45437241485,531245,181952,2
"87890",1090.61720155019,531345,181952,2
"87891",1441.51126821709,531445,181952,2
"88373",1392.9007554358,529045,182052,2
"88374",1415.36905630473,529145,182052,2
"88375",1424.05628969531,529245,182052,2
"88376",1698.12658107896,529345,182052,3
"88377",1688.75984194692,529445,182052,3
"88378",1449.52057302781,529545,182052,2
"88379",1355.5492220013,529645,182052,2
"88380",1039.31661193945,529745,182052,2
"88381",1048.97512995616,529845,182052,2
"88382",970.704938223027,529945,182052,1
"88383",1242.47231394466,530045,182052,2
"88384",1191.64377957444,530145,182052,2
"88385",1488.01181073979,530245,182052,2
"88386",1117.28089815673,530345,182052,2
"88387",1046.75951035411,530445,182052,2
"88388",1005.81487507046,530545,182052,2
"88389",936.921202515111,530645,182052,1
"88390",845.384754122081,530745,182052,1
"88391",1246.42100217394,530845,182052,2
"88392",1442.91572258657,530945,182052,2
"88393",1276.83063561554,531045,182052,2
"88394",1472.91644669481,531145,182052,2
"88395",1219.20524867543,531245,182052,2
"88879",1450.5390355589,529045,182152,2
"88880",1599.20306548995,529145,182152,3
"88881",2081.18825661064,529245,182152,3
"88882",1957.33256563347,529345,182152,3
"88883",1766.32510425186,529445,182152,3
"88884",1332.02240435546,529545,182152,2
"88885",1034.42580045389,529645,182152,2
"88886",1056.37171285272,529745,182152,2
"88887",1056.13080298537,529845,182152,2
"88888",1031.08211541494,529945,182152,2
"88889",1454.76184341818,530045,182152,2
"88890",1200.29944646282,530145,182152,2
"88891",2508.05323360333,530245,182152,4
"88892",1496.20877449322,530345,182152,2
"88893",1034.71651247011,530445,182152,2
"88894",1027.33273904214,530545,182152,2
"88895",864.189915603097,530645,182152,1
"88896",1213.56192929643,530745,182152,2
"88897",1286.46877925187,530845,182152,2
"88898",1238.64734737116,530945,182152,2
"88899",1303.68522839568,531045,182152,2
"88900",1459.00886110765,531145,182152,2
"88901",1260.65273782748,531245,182152,2
"89383",1387.62335496836,528945,182252,2
"89384",1543.79223218885,529045,182252,3
"89385",1741.3349490819,529145,182252,3
"89386",2140.73159545633,529245,182252,4
"89387",1909.26190942212,529345,182252,3
"89388",1825.68619848639,529445,182252,3
"89389",1375.36073780087,529545,182252,2
"89390",1153.67946643608,529645,182252,2
"89391",1034.0561242165,529745,182252,2
"89392",956.581720101125,529845,182252,1
"89393",1082.8516225771,529945,182252,2
"89394",1206.12269904704,530045,182252,2
"89395",1207.87422053294,530145,182252,2
"89396",1505.87482988201,530245,182252,2
"89397",1473.02123786267,530345,182252,2
"89398",1012.14656259702,530445,182252,2
"89399",991.723467158878,530545,182252,2
"89400",985.027346019532,530645,182252,2
"89401",1386.34626599143,530745,182252,2
"89402",1608.36928516106,530845,182252,3
"89403",1477.65713638478,530945,182252,2
"89885",1287.4537549376,528645,182352,2
"89886",1263.5521199007,528745,182352,2
"89887",1872.97264879462,528845,182352,3
"89888",1371.79002918868,528945,182352,2
"89889",1353.06749726118,529045,182352,2
"89890",1607.11880579821,529145,182352,3
"89891",1832.44274218839,529245,182352,3
"89892",2092.43806574192,529345,182352,3
"89893",2365.29660555889,529445,182352,4
"89894",1345.72048614345,529545,182352,2
"89895",1379.95038512664,529645,182352,2
"89896",1170.05255278371,529745,182352,2
"89897",1080.99292842514,529845,182352,2
"89898",1691.80193634283,529945,182352,3
"89899",1077.98765184973,530045,182352,2
"89900",1151.70626571757,530145,182352,2
"89901",1156.03451796895,530245,182352,2
"89902",1000.1933749776,530345,182352,2
"89903",987.564030086764,530445,182352,2
"89904",860.499856339608,530545,182352,1
"89905",852.349317248305,530645,182352,1
"89906",1712.46186938266,530745,182352,3
"89907",1039.29389207282,530845,182352,2
"90397",1104.65150357557,528645,182452,2
"90398",1057.92435761404,528745,182452,2
"90399",1295.48160743507,528845,182452,2
"90400",1155.5583159049,528945,182452,2
"90401",1291.41778339355,529045,182452,2
"90402",1330.2367871207,529145,182452,2
"90403",1591.80502255609,529245,182452,3
"90404",1445.47720440008,529345,182452,2
"90405",1421.13300885531,529445,182452,2
"90406",1772.82263912382,529545,182452,3
"90407",1640.46866312271,529645,182452,3
"90408",1457.42848326513,529745,182452,2
"90409",1377.59909071543,529845,182452,2
"90410",1170.20233312968,529945,182452,2
"90411",1092.31128939956,530045,182452,2
"90412",941.95946583705,530145,182452,1
"90413",985.308919280129,530245,182452,2
"90414",960.637035987749,530345,182452,1
"90415",864.69257164843,530445,182452,1
"90416",950.1344370271,530545,182452,1
"90417",1151.99590205858,530645,182452,2
"90418",1464.73199231929,530745,182452,2
"90419",1092.26289459321,530845,182452,2
"90914",1108.81186523365,528645,182552,2
"90915",1107.68389950986,528745,182552,2
"90916",1138.68102217399,528845,182552,2
"90917",1265.77047140743,528945,182552,2
"90918",1258.12671148026,529045,182552,2
"90919",1311.48443820411,529145,182552,2
"90920",1622.43026613544,529245,182552,3
"90921",1410.22368829984,529345,182552,2
"90922",1506.48277796348,529445,182552,2
"90923",1527.41754791616,529545,182552,2
"90924",1830.10911231571,529645,182552,3
"90925",1616.33280047121,529745,182552,3
"90926",1360.54013843458,529845,182552,2
"90927",1125.87428013851,529945,182552,2
"90928",1131.51632142104,530045,182552,2
"90929",1016.6208910727,530145,182552,2
"90930",1092.10506419762,530245,182552,2
"90931",1080.92841815723,530345,182552,2
"90932",947.258455260006,530445,182552,1
"90933",1156.97655348916,530545,182552,2
"90934",1623.50640578827,530645,182552,3
"90935",829.814320971262,530745,182552,1
"90936",858.041894164873,530845,182552,1
"91431",837.72412799219,528545,182652,1
"91432",846.436406368862,528645,182652,1
"91433",956.260991624679,528745,182652,1
"91434",1113.19654415569,528845,182652,2
"91435",1193.86033192433,528945,182652,2
"91436",1172.31647554723,529045,182652,2
"91437",1584.02783348129,529145,182652,3
"91438",2287.7098385899,529245,182652,4
"91439",1370.51339027324,529345,182652,2
"91440",1329.69591768602,529445,182652,2
"91441",2202.11583831942,529545,182652,4
"91442",2820.73330574856,529645,182652,5
"91443",2562.0720757238,529745,182652,4
"91444",1488.18396508543,529845,182652,2
"91445",1169.11521647498,529945,182652,2
"91446",1145.99232052238,530045,182652,2
"91447",1240.49144508355,530145,182652,2
"91448",1102.79050352612,530245,182652,2
"91449",1105.02186497687,530345,182652,2
"91450",1134.95578200742,530445,182652,2
"91451",1231.96787169596,530545,182652,2
"91452",1277.97563621687,530645,182652,2
"91453",1220.06820787051,530745,182652,2
"91947",817.43026739798,528545,182752,1
"91948",822.931545414578,528645,182752,1
"91949",892.589849825775,528745,182752,1
"91950",1056.03074524209,528845,182752,2
"91951",1095.97918116115,528945,182752,2
"91952",1115.08341909413,529045,182752,2
"91953",1144.7022703155,529145,182752,2
"91954",1626.87555386844,529245,182752,3
"91955",1325.1121040195,529345,182752,2
"91956",1338.70518624264,529445,182752,2
"91957",1512.14121104121,529545,182752,2
"91958",2450.59719613604,529645,182752,4
"91959",1169.25026066503,529745,182752,2
"91960",1207.01849162026,529845,182752,2
"91961",1271.36479459495,529945,182752,2
"91962",1556.35186291195,530045,182752,3
"91963",1479.98461793632,530145,182752,2
"91964",1507.77960165093,530245,182752,2
"91965",1513.00860743922,530345,182752,2
"91966",1355.64280740256,530445,182752,2
"91967",1498.83486688562,530545,182752,2
"91968",1600.80839975566,530645,182752,3
"91969",1311.66117249309,530745,182752,2
"92464",767.585625207009,528545,182852,1
"92465",798.502762779297,528645,182852,1
"92466",845.132444409225,528745,182852,1
"92467",872.714455777364,528845,182852,1
"92468",1001.23435597568,528945,182852,2
"92469",1169.48103937354,529045,182852,2
"92470",1216.19088747139,529145,182852,2
"92471",1154.70511833188,529245,182852,2
"92472",1004.36596965045,529345,182852,2
"92473",1185.97303616934,529445,182852,2
"92474",1387.49209499051,529545,182852,2
"92475",1544.92973035032,529645,182852,3
"92476",1533.94274606791,529745,182852,2
"92477",1186.20687447581,529845,182852,2
"92478",1317.00759985237,529945,182852,2
"92479",1572.08974492503,530045,182852,3
"92480",1601.96846180005,530145,182852,3
"92481",1626.61130579558,530245,182852,3
"92482",2009.51230485322,530345,182852,3
"92483",1514.04211483486,530445,182852,2
"92484",1408.66012036606,530545,182852,2
"92485",1277.79986899233,530645,182852,2
"92486",1094.54396548596,530745,182852,2
"92981",760.534547925475,528445,182952,1
"92982",768.140043165753,528545,182952,1
"92983",719.381594868871,528645,182952,1
"92984",775.121681516874,528745,182952,1
"92985",792.08706639107,528845,182952,1
"92986",890.59544442794,528945,182952,1
"92987",988.914550191074,529045,182952,2
"92988",1119.30417237016,529145,182952,2
"92989",1262.20101261391,529245,182952,2
"92990",1022.13010788201,529345,182952,2
"92991",1124.67733964013,529445,182952,2
"92992",1418.42708164491,529545,182952,2
"92993",1198.46606202103,529645,182952,2
"92994",1155.96627869933,529745,182952,2
"92995",1128.30582221835,529845,182952,2
"92996",1008.51149882411,529945,182952,2
"92997",1289.45571007084,530045,182952,2
"92998",1401.46793895053,530145,182952,2
"92999",2071.13569524772,530245,182952,3
"93000",2098.95789315113,530345,182952,3
"93001",2091.17493390485,530445,182952,3
"93002",1414.74463792159,530545,182952,2
"93003",1437.9528592425,530645,182952,2
"93504",711.390322671973,528445,183052,1
"93505",763.309464543343,528545,183052,1
"93506",771.38570437279,528645,183052,1
"93507",1957.97290114846,528745,183052,3
"93508",814.627992661764,528845,183052,1
"93509",776.831919275951,528945,183052,1
"93510",923.542170319446,529045,183052,1
"93511",1282.45702601328,529145,183052,2
"93512",1256.51867878888,529245,183052,2
"93513",1006.68492941144,529345,183052,2
"93514",1930.3227616034,529445,183052,3
"93515",1342.90271091837,529545,183052,2
"93516",1092.38401480971,529645,183052,2
"93517",1065.11117695581,529745,183052,2
"93518",939.454721824962,529845,183052,1
"93519",1128.74015936965,529945,183052,2
"93520",1265.15744423663,530045,183052,2
"93521",1554.42750654494,530145,183052,3
"93522",2165.90893963396,530245,183052,4
"94029",766.416133864148,528445,183152,1
"94030",766.712622969957,528545,183152,1
"94031",772.319024635171,528645,183152,1
"94032",1519.74246381738,528745,183152,2
"94033",818.678162870757,528845,183152,1
"94034",804.171745800371,528945,183152,1
"94035",1189.25841475971,529045,183152,2
"94036",1622.52653126961,529145,183152,3
"94037",1621.099962132,529245,183152,3
"94038",1553.22632977122,529345,183152,3
"94039",1282.92995539232,529445,183152,2
"94040",1272.68781677818,529545,183152,2
"94041",1241.92657245037,529645,183152,2
"94042",971.336059930175,529745,183152,1
"94043",967.825872436223,529845,183152,1
"94044",1088.3131201312,529945,183152,2
"94045",1212.12387827181,530045,183152,2
"94046",1382.13717914522,530145,183152,2
"94047",1397.95131963095,530245,183152,2
"94554",840.199450078428,528345,183252,1
"94555",794.402591930555,528445,183252,1
"94556",833.333909992601,528545,183252,1
"94557",794.870456009877,528645,183252,1
"94558",1460.1854958219,528745,183252,2
"94559",938.661319000369,528845,183252,1
"94560",1130.70165727282,528945,183252,2
"94561",1188.40931439405,529045,183252,2
"94562",2185.7763192147,529145,183252,4
"94563",1846.00488314638,529245,183252,3
"94564",1574.5855751777,529345,183252,3
"94565",977.612166178167,529445,183252,1
"94566",1104.20662399671,529545,183252,2
"94567",988.537016763965,529645,183252,2
"94568",823.627548236623,529745,183252,1
"94569",898.1316135546,529845,183252,1
"94570",948.201648795443,529945,183252,1
"94571",1191.62332453316,530045,183252,2
"94572",1143.55087924435,530145,183252,2
"94573",1349.73481401278,530245,183252,2
"95052",,525745,183352,0
"95078",849.87287275252,528345,183352,1
"95079",869.675441689026,528445,183352,1
"95080",993.114738589218,528545,183352,2
"95081",1182.5543142925,528645,183352,2
"95082",965.589374729492,528745,183352,1
"95083",1033.18021220716,528845,183352,2
"95084",1093.73263452094,528945,183352,2
"95085",1068.50940422694,529045,183352,2
"95086",2025.25914836652,529145,183352,3
"95087",1936.67567856162,529245,183352,3
"95088",1598.37515175106,529345,183352,3
"95089",1310.30843980364,529445,183352,2
"95090",1348.90468996308,529545,183352,2
"95091",1347.93127034508,529645,183352,2
"95092",1274.39037344084,529745,183352,2
"95093",1767.91525084925,529845,183352,3
"95094",1000.59367381771,529945,183352,2
"95095",1054.36220999653,530045,183352,2
"95096",1036.0031829245,530145,183352,2
"95097",1121.6075223049,530245,183352,2
"95576",1038.74024208503,525645,183452,2
"95577",,525745,183452,0
"95578",,525845,183452,0
"95603",797.807180965719,528345,183452,1
"95604",987.075181764048,528445,183452,2
"95605",1032.01930800828,528545,183452,2
"95606",1195.89103363263,528645,183452,2
"95607",1042.02678607468,528745,183452,2
"95608",1226.79729806868,528845,183452,2
"95609",1214.93258597773,528945,183452,2
"95610",1380.84076709834,529045,183452,2
"95611",1475.10079733176,529145,183452,2
"95612",1451.8908871623,529245,183452,2
"95613",1338.37763648019,529345,183452,2
"95614",1344.76440600278,529445,183452,2
"95615",1390.30309821901,529545,183452,2
"95616",1337.98123306463,529645,183452,2
"95617",1373.42882658183,529745,183452,2
"95618",896.210405981103,529845,183452,1
"95619",929.403258767737,529945,183452,1
"95620",870.717352904549,530045,183452,1
"95621",927.674708755111,530145,183452,1
"95622",1000.720395835,530245,183452,2
"96101",1298.27131049766,525545,183552,2
"96102",1026.42369919923,525645,183552,2
"96103",,525745,183552,0
"96104",,525845,183552,0
"96119",1202.65308875795,527345,183552,2
"96120",1263.39787955505,527445,183552,2
"96129",853.405330442792,528345,183552,1
"96130",1026.16968672177,528445,183552,2
"96131",1119.82489566037,528545,183552,2
"96132",1286.36783097674,528645,183552,2
"96133",1346.22160808526,528745,183552,2
"96134",1459.49538745179,528845,183552,2
"96135",1602.95665328683,528945,183552,3
"96136",1430.71565001631,529045,183552,2
"96137",1492.34537082518,529145,183552,2
"96138",1496.78745469905,529245,183552,2
"96139",1351.06929210949,529345,183552,2
"96140",1275.60092745002,529445,183552,2
"96141",1344.93162131979,529545,183552,2
"96142",1374.56825455337,529645,183552,2
"96143",890.028062074649,529745,183552,1
"96144",845.149477670947,529845,183552,1
"96145",821.322758756476,529945,183552,1
"96146",841.868795686099,530045,183552,1
"96147",888.722380544069,530145,183552,1
"96148",878.21989184996,530245,183552,1
"96625",1233.72796232428,525445,183652,2
"96626",1182.79116757954,525545,183652,2
"96627",1189.24067976413,525645,183652,2
"96628",1043.60302724845,525745,183652,2
"96629",1119.06959913087,525845,183652,2
"96630",1170.10744266551,525945,183652,2
"96643",708.798119073556,527245,183652,1
"96644",683.569466578993,527345,183652,1
"96645",684.485504849681,527445,183652,1
"96646",1136.83128894514,527545,183652,2
"96647",1138.3983531218,527645,183652,2
"96648",1093.27682157598,527745,183652,2
"96649",1143.73388028374,527845,183652,2
"96650",1044.88286573558,527945,183652,2
"96653",942.757328533896,528245,183652,1
"96654",975.929047662887,528345,183652,1
"96655",1022.24607741349,528445,183652,2
"96656",1218.91748053695,528545,183652,2
"96657",1377.92732187047,528645,183652,2
"96658",1527.91266917145,528745,183652,2
"96659",1441.68502921254,528845,183652,2
"96660",1628.55291136665,528945,183652,3
"96661",1882.89231145382,529045,183652,3
"96662",2461.5421119536,529145,183652,4
"96663",1565.8615192661,529245,183652,3
"96664",1152.68497253827,529345,183652,2
"96665",1237.95801526941,529445,183652,2
"96666",1424.34040826075,529545,183652,2
"96667",1078.99433981489,529645,183652,2
"96668",774.448865844262,529745,183652,1
"96669",1001.2614917286,529845,183652,2
"96670",728.666814736992,529945,183652,1
"96671",866.435794343554,530045,183652,1
"96672",846.929968926709,530145,183652,1
"96673",954.127065973784,530245,183652,1
"97149",1225.50372249259,525345,183752,2
"97150",992.269665945883,525445,183752,2
"97151",961.999874948727,525545,183752,1
"97152",996.665509374197,525645,183752,2
"97153",996.944696742305,525745,183752,2
"97154",1128.76337842923,525845,183752,2
"97155",1073.89025939276,525945,183752,2
"97156",955.442482321894,526045,183752,1
"97163",966.108799853083,526745,183752,1
"97164",888.744077367213,526845,183752,1
"97165",799.17795863354,526945,183752,1
"97167",762.009713464429,527145,183752,1
"97168",614.16812597565,527245,183752,1
"97169",667.892886436813,527345,183752,1
"97170",655.039080006685,527445,183752,1
"97171",1088.91126761269,527545,183752,2
"97172",1092.1430974976,527645,183752,2
"97173",1069.15368487713,527745,183752,2
"97174",1163.91252574173,527845,183752,2
"97175",928.605576428282,527945,183752,1
"97176",1047.67187884272,528045,183752,2
"97177",1001.2279810333,528145,183752,2
"97178",917.40719696988,528245,183752,1
"97179",1071.29499483149,528345,183752,2
"97180",1115.22780014393,528445,183752,2
"97181",1108.39587752028,528545,183752,2
"97182",1194.73607490236,528645,183752,2
"97183",1718.86259101136,528745,183752,3
"97184",1992.48776879308,528845,183752,3
"97185",2009.69066036736,528945,183752,3
"97186",1834.10287127589,529045,183752,3
"97187",1641.96261336,529145,183752,3
"97188",1197.59385329648,529245,183752,2
"97189",1123.62718482918,529345,183752,2
"97190",1099.23905833007,529445,183752,2
"97191",1034.77689561801,529545,183752,2
"97192",856.417656106762,529645,183752,1
"97193",793.872832665496,529745,183752,1
"97194",817.689354526087,529845,183752,1
"97195",774.297798417353,529945,183752,1
"97196",838.410162468037,530045,183752,1
"97197",1628.35983158388,530145,183752,3
"97198",1051.62579217765,530245,183752,2
"97674",1006.03180675596,525345,183852,2
"97675",1008.5840150206,525445,183852,2
"97676",965.816306463319,525545,183852,1
"97677",972.067990283605,525645,183852,1
"97678",1107.48884666117,525745,183852,2
"97679",1217.87168998972,525845,183852,2
"97680",1129.72404260178,525945,183852,2
"97681",910.168116118267,526045,183852,1
"97682",924.643699959619,526145,183852,1
"97683",809.576812332426,526245,183852,1
"97688",1581.84810735027,526745,183852,3
"97689",964.471877028991,526845,183852,1
"97690",948.165636625459,526945,183852,1
"97691",822.1877478911,527045,183852,1
"97692",633.652637503745,527145,183852,1
"97693",727.888102464554,527245,183852,1
"97694",728.962744122462,527345,183852,1
"97695",734.923370123289,527445,183852,1
"97696",757.674915337378,527545,183852,1
"97697",966.383230361988,527645,183852,1
"97698",823.434530915277,527745,183852,1
"97699",818.702664308291,527845,183852,1
"97700",818.139767429619,527945,183852,1
"97701",861.534536587893,528045,183852,1
"97702",868.098985944563,528145,183852,1
"97703",884.5370905866,528245,183852,1
"97704",1037.68208776529,528345,183852,2
"97705",1035.83687333252,528445,183852,2
"97706",1159.94637149174,528545,183852,2
"97707",1442.83927882277,528645,183852,2
"97708",1555.78179637739,528745,183852,3
"97709",2574.53816436301,528845,183852,4
"97710",2482.00549000195,528945,183852,4
"97711",2355.58001966993,529045,183852,4
"97712",1338.4905622398,529145,183852,2
"97713",1296.96373958977,529245,183852,2
"97714",1137.47463927895,529345,183852,2
"97715",1047.40556279111,529445,183852,2
"97716",933.438869889251,529545,183852,1
"97717",782.784821515363,529645,183852,1
"97718",811.59820358149,529745,183852,1
"97719",703.776613572247,529845,183852,1
"97720",779.962997225883,529945,183852,1
"97721",764.416404573591,530045,183852,1
"97722",1824.59660777469,530145,183852,3
"97723",1672.64600170601,530245,183852,3
"98198",1011.15189096629,525245,183952,2
"98199",978.028171778681,525345,183952,1
"98200",892.609191606255,525445,183952,1
"98201",840.447899018734,525545,183952,1
"98202",1121.73483235362,525645,183952,2
"98203",1204.10877138241,525745,183952,2
"98204",1192.49840138172,525845,183952,2
"98205",1064.10931815797,525945,183952,2
"98206",781.888626914766,526045,183952,1
"98207",874.151726915949,526145,183952,1
"98208",858.93302306438,526245,183952,1
"98209",834.613277015392,526345,183952,1
"98210",826.972784463401,526445,183952,1
"98211",1618.58961307673,526545,183952,3
"98212",1381.64598186981,526645,183952,2
"98213",1404.91146324924,526745,183952,2
"98214",1363.47706933331,526845,183952,2
"98215",1254.14410505652,526945,183952,2
"98216",1172.44351873574,527045,183952,2
"98217",945.623817744607,527145,183952,1
"98218",993.828213686,527245,183952,2
"98219",937.922919673666,527345,183952,1
"98220",941.014172473428,527445,183952,1
"98221",865.938633134882,527545,183952,1
"98222",986.549250587319,527645,183952,2
"98223",861.400287008844,527745,183952,1
"98224",859.146000921028,527845,183952,1
"98225",857.090039765883,527945,183952,1
"98226",888.907278873137,528045,183952,1
"98227",898.393340247126,528145,183952,1
"98228",903.361378470098,528245,183952,1
"98229",939.621872739436,528345,183952,1
"98230",982.498371909401,528445,183952,2
"98231",1038.72359710013,528545,183952,2
"98232",1164.58375569572,528645,183952,2
"98233",1552.93024840904,528745,183952,3
"98234",2241.00856697741,528845,183952,4
"98235",2360.71759213448,528945,183952,4
"98236",1803.65185904371,529045,183952,3
"98237",1777.38537120241,529145,183952,3
"98238",1260.65961982198,529245,183952,2
"98239",1210.98740266621,529345,183952,2
"98240",1067.47008596821,529445,183952,2
"98241",815.56639681959,529545,183952,1
"98242",857.711909444709,529645,183952,1
"98243",774.817913522709,529745,183952,1
"98244",734.451368143398,529845,183952,1
"98245",758.355590351581,529945,183952,1
"98246",1866.95381801166,530045,183952,3
"98247",1927.72146505906,530145,183952,3
"98724",1087.86666991788,525145,184052,2
"98725",841.054766952086,525245,184052,1
"98726",887.44772346975,525345,184052,1
"98727",947.817420694791,525445,184052,1
"98728",852.010285011899,525545,184052,1
"98729",956.400976432478,525645,184052,1
"98730",828.165817910111,525745,184052,1
"98731",1015.00568167437,525845,184052,2
"98732",706.356561893369,525945,184052,1
"98733",781.857199561998,526045,184052,1
"98734",781.377105728245,526145,184052,1
"98735",976.455904335638,526245,184052,1
"98736",970.829260632915,526345,184052,1
"98737",880.046374174726,526445,184052,1
"98738",1273.41469577459,526545,184052,2
"98739",1468.75786631517,526645,184052,2
"98740",1510.57789563745,526745,184052,2
"98741",1476.55342208525,526845,184052,2
"98742",1185.35996235424,526945,184052,2
"98743",1164.04709161188,527045,184052,2
"98744",974.958930240889,527145,184052,1
"98745",971.819344037752,527245,184052,1
"98746",1121.5650391456,527345,184052,2
"98747",870.792252913923,527445,184052,1
"98748",1210.72902239108,527545,184052,2
"98749",827.849215761606,527645,184052,1
"98750",826.831940038243,527745,184052,1
"98751",923.716620197212,527845,184052,1
"98752",930.808791490336,527945,184052,1
"98753",902.11114362824,528045,184052,1
"98754",896.761452111159,528145,184052,1
"98755",992.651294475816,528245,184052,2
"98756",786.331336431169,528345,184052,1
"98757",887.881189376455,528445,184052,1
"98758",1048.64959226122,528545,184052,2
"98759",1202.83901034811,528645,184052,2
"98760",1539.8834525109,528745,184052,2
"98761",1634.57803329887,528845,184052,3
"98762",1911.96865942454,528945,184052,3
"98763",1209.48563015354,529045,184052,2
"98764",1659.93223198985,529145,184052,3
"98765",1317.10393575593,529245,184052,2
"98766",1058.91581848086,529345,184052,2
"98767",997.975716432534,529445,184052,2
"98768",916.140875518523,529545,184052,1
"98769",885.127927624223,529645,184052,1
"98770",770.614217675562,529745,184052,1
"98771",757.492317645662,529845,184052,1
"98772",768.824944466144,529945,184052,1
"98773",1676.51191934158,530045,184052,3
"98774",1876.49913203606,530145,184052,3
"99255",993.303530926597,525045,184152,2
"99256",807.541822728768,525145,184152,1
"99257",851.442967413268,525245,184152,1
"99258",950.426401947757,525345,184152,1
"99259",835.225423582166,525445,184152,1
"99260",846.09460840513,525545,184152,1
"99261",846.409669164875,525645,184152,1
"99262",829.651627189564,525745,184152,1
"99263",918.69513374755,525845,184152,1
"99264",829.310256722499,525945,184152,1
"99265",816.887480047153,526045,184152,1
"99266",826.815128368229,526145,184152,1
"99267",971.181219255167,526245,184152,1
"99268",1084.9192496369,526345,184152,2
"99269",1216.71024627063,526445,184152,2
"99270",1282.50921024202,526545,184152,2
"99271",1786.83215940299,526645,184152,3
"99272",1683.60814727066,526745,184152,3
"99273",1549.58492407956,526845,184152,3
"99274",1209.52315230333,526945,184152,2
"99275",1187.58975088096,527045,184152,2
"99276",1062.26110792132,527145,184152,2
"99277",1014.12125511738,527245,184152,2
"99278",1088.46164038647,527345,184152,2
"99279",1198.70818590312,527445,184152,2
"99280",1058.10753180125,527545,184152,2
"99281",1038.49896095435,527645,184152,2
"99282",840.907126862145,527745,184152,1
"99283",938.020949460578,527845,184152,1
"99284",1160.74174123231,527945,184152,2
"99285",926.095241134549,528045,184152,1
"99286",1042.26898097078,528145,184152,2
"99287",765.269059952395,528245,184152,1
"99288",961.163431518377,528345,184152,1
"99289",1350.30238491254,528445,184152,2
"99290",1083.682666215,528545,184152,2
"99291",1217.26973955856,528645,184152,2
"99292",1434.33681763348,528745,184152,2
"99293",1343.64747160216,528845,184152,2
"99294",1814.83502261362,528945,184152,3
"99295",1772.20406014446,529045,184152,3
"99296",1383.73607119798,529145,184152,2
"99297",1248.80883730924,529245,184152,2
"99298",1048.31219645718,529345,184152,2
"99299",1040.60624339865,529445,184152,2
"99300",1173.16895325893,529545,184152,2
"99301",1140.28720710764,529645,184152,2
"99302",1189.46734975127,529745,184152,2
"99303",1204.35360933908,529845,184152,2
"99304",995.794982743834,529945,184152,2
"99305",1144.32752829574,530045,184152,2
"99789",981.806024797534,524945,184252,1
"99790",850.008067818151,525045,184252,1
"99791",790.832243380753,525145,184252,1
"99792",844.030737508155,525245,184252,1
"99793",967.615434193065,525345,184252,1
"99794",978.862734762937,525445,184252,1
"99795",981.510525985863,525545,184252,1
"99796",1062.32127329055,525645,184252,2
"99797",913.942865224854,525745,184252,1
"99798",859.427995863025,525845,184252,1
"99799",942.16618226247,525945,184252,1
"99800",982.773134557841,526045,184252,2
"99801",1002.37684827272,526145,184252,2
"99802",981.964881743278,526245,184252,1
"99803",990.34410857666,526345,184252,2
"99804",1188.60583585458,526445,184252,2
"99805",1432.97049199141,526545,184252,2
"99806",2181.0983044274,526645,184252,4
"99807",1735.29000487194,526745,184252,3
"99808",1513.94543877874,526845,184252,2
"99809",1394.21159052827,526945,184252,2
"99810",1284.54881183128,527045,184252,2
"99811",1262.4489355375,527145,184252,2
"99812",1795.38452318337,527245,184252,3
"99813",1565.4014237859,527345,184252,3
"99814",1189.10566526346,527445,184252,2
"99815",1487.44754783065,527545,184252,2
"99816",1045.56304184574,527645,184252,2
"99817",931.756396805451,527745,184252,1
"99818",1066.32765265035,527845,184252,2
"99819",1103.94193744347,527945,184252,2
"99820",1157.80190932492,528045,184252,2
"99821",879.233824745877,528145,184252,1
"99822",897.165605512418,528245,184252,1
"99823",1259.80622767694,528345,184252,2
"99824",1443.00562594095,528445,184252,2
"99825",1210.73053819782,528545,184252,2
"99826",1105.45358480312,528645,184252,2
"99827",1377.63632757985,528745,184252,2
"99828",1633.16254814181,528845,184252,3
"99829",1493.09372031685,528945,184252,2
"99830",1274.58602971719,529045,184252,2
"99831",1323.86674184309,529145,184252,2
"99832",1261.11647666594,529245,184252,2
"99833",1190.84379604044,529345,184252,2
"99834",1089.72971161034,529445,184252,2
"99835",1191.3080173046,529545,184252,2
"99836",1184.79391940678,529645,184252,2
"99837",1208.38704156808,529745,184252,2
"99838",1286.43352060502,529845,184252,2
"99839",999.351072848884,529945,184252,2
"99840",2074.96225043959,530045,184252,3
